Concurso,Data do Sorteio,Bola1,Bola2,Bola3,Bola4,Bola5,Bola6,
1474,06/03/2013,1,2,3,11,28,43,
397,18/09/2002,1,2,5,24,32,46,
1505,22/06/2013,1,2,6,9,16,32,
5,08/04/1996,1,2,6,16,19,46,
748,22/03/2006,1,2,7,19,35,51,
1047,11/02/2009,1,2,8,10,14,48,
1468,13/02/2013,1,2,10,19,20,37,
2637,26/09/2023,1,2,10,32,34,59,
2293,26/08/2020,1,2,10,37,42,48,09-11-12-31-50-52
2137,27/03/2019,1,2,11,12,34,49,10-14-19-22-27-44
1633,06/09/2014,1,2,11,13,36,49,
1676,07/02/2015,1,2,11,37,48,51,
2434,04/12/2021,1,2,14,28,40,51,
668,28/05/2005,1,2,14,33,49,56,
2079,18/09/2018,1,2,14,37,55,58,
1020,08/11/2008,1,2,19,32,39,52,
1666,03/01/2015,1,2,23,27,45,51,
1250,19/01/2011,1,2,24,40,51,59,
595,04/09/2004,1,2,25,43,50,54,
1679,18/02/2015,1,2,27,28,46,47,
1853,03/09/2016,1,2,34,39,41,45,
1638,24/09/2014,1,2,38,41,42,58,
226,01/07/2000,1,2,38,49,50,59,
1271,02/04/2011,1,2,39,48,52,59,
325,29/12/2001,1,3,4,21,23,53,
176,17/07/1999,1,3,4,28,45,53,
1799,12/03/2016,1,3,4,39,51,53,
1672,24/01/2015,1,3,5,10,20,42,
1160,10/03/2010,1,3,5,18,40,48,
92,07/12/1997,1,3,5,23,24,51,
191,31/10/1999,1,3,5,23,41,58,
531,21/01/2004,1,3,7,18,35,50,
1289,04/06/2011,1,3,8,13,27,52,
1935,31/05/2017,1,3,10,17,23,24,
68,22/06/1997,1,3,12,13,53,59,
620,01/12/2004,1,3,13,22,29,32,
2797,16/11/2024,1,3,15,25,45,52,
1060,28/03/2009,1,3,16,18,41,42,
2732,04/06/2024,1,3,16,18,49,60,
1034,27/12/2008,1,3,18,20,42,49,
591,21/08/2004,1,3,18,34,50,58,
1891,04/01/2017,1,3,19,23,47,58,
934,12/01/2008,1,3,21,25,44,48,
2683,01/02/2024,1,3,23,27,47,57,
2535,03/11/2022,1,3,24,37,51,56,
1490,02/05/2013,1,3,31,32,43,52,
499,20/09/2003,1,4,5,11,44,59,
1575,19/02/2014,1,4,5,14,45,56,
667,25/05/2005,1,4,5,16,23,49,
257,03/02/2001,1,4,5,19,28,34,
810,25/10/2006,1,4,5,33,37,48,
992,02/08/2008,1,4,6,8,25,28,
1556,14/12/2013,1,4,7,10,11,52,
2667,12/12/2023,1,4,8,21,46,51,
1610,21/06/2014,1,4,9,35,36,53,
338,20/02/2002,1,4,9,36,46,48,
2494,25/06/2022,1,4,10,22,53,54,
1582,15/03/2014,1,4,13,17,38,48,
104,01/03/1998,1,4,13,21,38,52,
968,10/05/2008,1,4,13,30,51,60,
1151,06/02/2010,1,4,14,21,25,51,
2775,17/09/2024,1,4,14,26,44,51,
254,13/01/2001,1,4,21,22,30,56,
1884,10/12/2016,1,4,23,32,38,59,
2168,11/07/2019,1,4,25,27,29,37,
966,03/05/2008,1,4,26,28,41,58,
1313,24/08/2011,1,4,26,39,43,49,
1817,11/05/2016,1,4,26,39,47,55,
415,20/11/2002,1,4,27,38,42,44,
510,01/11/2003,1,4,30,41,45,58,
370,15/06/2002,1,4,40,42,51,54,
2517,08/09/2022,1,5,6,16,22,39,
1045,04/02/2009,1,5,6,17,31,50,
4,01/04/1996,1,5,6,27,42,59,
2051,20/06/2018,1,5,6,37,44,53,
1596,03/05/2014,1,5,7,10,12,45,
2258,05/05/2020,1,5,7,14,23,26,
726,04/01/2006,1,5,7,37,40,47,
375,03/07/2002,1,5,9,42,51,58,
871,30/05/2007,1,5,10,17,47,58,
373,26/06/2002,1,5,10,24,31,33,
1665,31/12/2014,1,5,11,16,20,56,
2443,12/01/2022,1,5,12,13,17,31,
2584,19/04/2023,1,5,12,36,53,55,
946,23/02/2008,1,5,12,47,52,59,
1787,04/02/2016,1,5,13,25,26,29,
264,24/03/2001,1,5,13,25,31,33,
2004,13/01/2018,1,5,14,23,35,45,
2531,20/10/2022,1,5,18,49,55,56,
65,01/06/1997,1,5,20,25,32,34,
1868,20/10/2016,1,5,23,25,28,31,
1637,20/09/2014,1,5,24,47,55,56,
1865,13/10/2016,1,5,31,32,37,42,
1794,27/02/2016,1,5,34,37,40,60,
2023,17/03/2018,1,6,7,8,23,56,
436,08/02/2003,1,6,7,29,48,57,
1334,05/11/2011,1,6,8,10,25,27,
1681,25/02/2015,1,6,8,11,33,50,
2549,17/12/2022,1,6,10,30,33,35,
1699,29/04/2015,1,6,10,30,33,38,
1486,17/04/2013,1,6,10,34,40,54,
1009,01/10/2008,1,6,12,29,34,58,
2756,01/08/2024,1,6,13,18,43,46,
1563,09/01/2014,1,6,13,20,36,43,
1580,08/03/2014,1,6,14,17,33,36,
1949,15/07/2017,1,6,14,22,30,56,
723,17/12/2005,1,6,16,36,50,52,
1117,14/10/2009,1,6,17,27,35,40,
530,17/01/2004,1,6,21,25,32,49,
2296,05/09/2020,1,6,21,29,36,59,
2156,01/06/2019,1,6,23,26,39,49,
2805,07/12/2024,1,6,24,47,55,58,
1509,06/07/2013,1,6,27,46,51,59,
911,17/10/2007,1,6,28,29,46,49,
1765,28/11/2015,1,6,28,37,56,58,
1040,17/01/2009,1,6,28,39,44,55,
1847,13/08/2016,1,6,45,49,50,57,
103,22/02/1998,1,7,9,49,54,57,
2285,01/08/2020,1,7,10,12,33,42,
1704,13/05/2015,1,7,11,32,51,59,
800,20/09/2006,1,7,11,37,38,56,
1501,08/06/2013,1,7,13,29,37,54,
1997,16/12/2017,1,7,14,31,35,46,
687,03/08/2005,1,7,14,41,48,59,
2127,23/02/2019,1,7,28,30,44,46,
1630,27/08/2014,1,7,30,43,44,54,
707,19/10/2005,1,8,10,36,43,51,
2136,23/03/2019,1,8,11,22,30,35,
24,19/08/1996,1,8,14,28,33,43,
1131,02/12/2009,1,8,16,34,36,49,
1510,10/07/2013,1,8,17,44,46,53,
198,18/12/1999,1,8,18,23,35,40,
2181,21/08/2019,1,8,19,33,36,48,
2481,14/05/2022,1,8,21,27,36,37,
1781,16/01/2016,1,8,22,49,52,53,
1030,13/12/2008,1,8,23,37,54,57,
449,29/03/2003,1,8,24,34,49,56,
973,28/05/2008,1,8,30,36,47,53,
981,25/06/2008,1,8,34,41,53,58,
267,14/04/2001,1,8,45,46,55,58,
129,22/08/1998,1,9,10,32,46,54,
2626,29/08/2023,1,9,13,16,52,59,
641,23/02/2005,1,9,13,17,33,34,
450,02/04/2003,1,9,13,50,51,59,
2006,20/01/2018,1,9,14,20,25,54,
491,23/08/2003,1,9,15,22,43,55,
2116,17/01/2019,1,9,19,21,34,54,
908,06/10/2007,1,9,19,25,50,52,
1941,21/06/2017,1,9,24,38,48,49,
763,13/05/2006,1,9,26,40,47,48,
1092,18/07/2009,1,9,30,33,34,40,
22,05/08/1996,1,9,31,38,46,56,
921,21/11/2007,1,9,35,41,48,57,
2100,24/11/2018,1,10,11,13,35,49,
746,15/03/2006,1,10,12,25,49,57,
347,23/03/2002,1,10,12,26,48,52,
175,10/07/1999,1,10,13,20,42,50,
1888,22/12/2016,1,10,17,18,45,48,
1730,06/08/2015,1,10,17,24,42,51,
2315,04/11/2020,1,10,17,26,30,53,
1144,13/01/2010,1,10,18,19,44,49,
2467,30/03/2022,1,10,19,34,35,45,
1691,01/04/2015,1,10,24,39,45,58,
1810,20/04/2016,1,10,25,43,50,56,
2523,24/09/2022,1,10,27,36,37,45,
2269,10/06/2020,1,11,14,23,29,55,
1169,10/04/2010,1,11,14,23,42,48,
2700,14/03/2024,1,11,19,20,28,48,
1341,30/11/2011,1,11,20,37,40,52,
1035,31/12/2008,1,11,26,51,59,60,
167,15/05/1999,1,11,28,33,38,48,
2198,16/10/2019,1,11,34,36,44,56,
1059,25/03/2009,1,12,14,16,37,45,
1973,30/09/2017,1,12,16,17,52,60,
713,12/11/2005,1,12,16,26,46,54,
1696,18/04/2015,1,12,17,31,37,46,
1208,25/08/2010,1,12,20,26,45,54,
1774,26/12/2015,1,12,20,30,52,60,
887,25/07/2007,1,12,21,32,34,44,
1534,28/09/2013,1,12,28,29,34,48,
2772,10/09/2024,1,12,33,41,53,56,
664,14/05/2005,1,12,36,38,55,59,
1859,22/09/2016,1,13,14,21,26,51,
2241,10/03/2020,1,13,18,26,40,56,
627,29/12/2004,1,13,19,45,56,58,
2800,26/11/2024,1,13,19,46,50,57,
331,23/01/2002,1,13,20,27,35,37,
169,29/05/1999,1,13,21,37,51,52,
1436,24/10/2012,1,13,23,24,30,57,
701,24/09/2005,1,13,23,31,48,60,
416,23/11/2002,1,13,23,33,54,56,
1293,18/06/2011,1,13,24,40,44,50,
2446,22/01/2022,1,13,27,41,51,58,
529,14/01/2004,1,13,33,38,45,56,
2595,24/05/2023,1,13,34,39,50,52,
109,04/04/1998,1,13,44,48,49,54,
369,12/06/2002,1,14,21,35,42,60,
1807,09/04/2016,1,15,16,22,25,43,
2589,06/05/2023,1,15,16,25,32,36,
1489,27/04/2013,1,15,24,26,28,48,
823,09/12/2006,1,15,26,51,54,59,
1105,02/09/2009,1,15,28,43,50,57,
1239,11/12/2010,1,15,37,39,48,52,
1606,07/06/2014,1,15,37,42,46,54,
1389,16/05/2012,1,16,28,39,44,57,
843,17/02/2007,1,16,34,36,45,48,
953,19/03/2008,1,16,39,42,48,55,
1670,17/01/2015,1,17,19,30,33,47,01-17-18-23-24-45
1097,05/08/2009,1,17,21,33,48,56,
136,10/10/1998,1,17,25,38,45,59,
2365,24/04/2021,1,17,28,37,44,50,
2252,15/04/2020,1,17,30,37,46,50,
2762,15/08/2024,1,17,30,40,48,50,
1925,29/04/2017,1,17,38,43,45,47,
2047,06/06/2018,1,18,19,29,44,54,
1338,19/11/2011,1,18,19,33,43,60,
2083,29/09/2018,1,18,19,33,56,60,
1960,19/08/2017,1,18,25,37,39,43,
101,08/02/1998,1,18,29,31,37,39,
702,28/09/2005,1,18,45,56,57,58,
2215,11/12/2019,1,19,21,23,33,43,
1357,25/01/2012,1,19,24,26,52,55,
766,24/05/2006,1,19,24,42,50,58,
1447,01/12/2012,1,19,28,33,39,41,
72,20/07/1997,1,19,34,43,44,48,
2404,28/08/2021,1,19,35,40,47,54,
2437,11/12/2021,1,19,41,46,48,55,
892,11/08/2007,1,19,42,44,49,52,
2160,15/06/2019,1,19,46,47,49,53,
631,15/01/2005,1,20,28,32,44,47,
297,19/09/2001,1,20,28,33,36,41,
2803,03/12/2024,1,20,32,43,57,59,
561,08/05/2004,1,20,36,39,49,55,
1653,14/11/2014,1,21,22,27,32,45,
119,13/06/1998,1,21,36,38,47,50,
2757,03/08/2024,1,21,37,40,51,54,
736,08/02/2006,1,21,38,41,49,56,
1822,28/05/2016,1,22,26,43,50,53,
1178,12/05/2010,1,22,30,45,50,53,
1719,04/07/2015,1,22,31,34,44,54,
465,24/05/2003,1,22,31,46,51,57,
1063,08/04/2009,1,22,44,47,49,50,
46,19/01/1997,1,23,24,32,46,60,
2539,16/11/2022,1,23,32,33,36,59,
758,26/04/2006,1,23,36,43,47,59,
949,05/03/2008,1,23,41,44,51,52,
404,12/10/2002,1,24,28,38,40,58,
2196,09/10/2019,1,25,27,28,41,56,
593,28/08/2004,1,25,27,29,49,59,
1448,05/12/2012,1,25,29,36,56,60,
2551,04/01/2023,1,25,29,43,46,48,
192,06/11/1999,1,26,28,41,54,60,
2675,13/01/2024,1,26,31,34,42,45,
655,13/04/2005,1,26,37,39,43,48,
1315,31/08/2011,1,27,29,38,50,52,
2668,14/12/2023,1,27,30,41,46,57,
663,11/05/2005,1,27,30,49,51,55,
181,21/08/1999,1,27,33,35,51,55,
2204,04/11/2019,1,28,29,32,35,56,
2799,23/11/2024,1,31,38,40,45,60,
2125,16/02/2019,1,31,44,46,53,58,
2482,18/05/2022,1,32,35,44,45,57,
2225,18/01/2020,1,32,37,44,46,47,
1336,12/11/2011,1,32,38,47,51,54,
2741,25/06/2024,1,33,35,39,42,56,
1483,06/04/2013,1,35,39,53,55,56,
2009,31/01/2018,1,37,44,46,48,50,
2475,26/04/2022,1,40,44,45,58,60,
2111,02/01/2019,1,41,44,46,54,58,
2247,28/03/2020,1,42,44,47,48,53,
1875,10/11/2016,1,45,47,52,53,55,
,,,,,,,,
1057,18/03/2009,2,3,4,15,49,59,
1895,18/01/2017,2,3,5,10,15,34,
680,09/07/2005,2,3,5,22,26,44,
2131,06/03/2019,2,3,6,18,20,28,
1104,29/08/2009,2,3,6,35,49,58,
1833,02/07/2016,2,3,7,16,27,42,
463,17/05/2003,2,3,7,18,45,53,
2348,27/02/2021,2,3,7,48,51,54,
2264,23/05/2020,2,3,8,19,29,37,
2791,29/10/2024,2,3,11,25,37,43,
1175,30/04/2010,2,3,12,16,37,47,
747,18/03/2006,2,3,12,21,23,56,
2466,26/03/2022,2,3,13,20,53,54,
1010,04/10/2008,2,3,13,37,46,54,
1926,03/05/2017,2,3,14,20,30,46,
1290,08/06/2011,2,3,14,23,34,50,
700,21/09/2005,2,3,14,24,31,40,
857,11/04/2007,2,3,17,49,50,59,
2299,15/09/2020,2,3,19,40,44,60,
2396,04/08/2021,2,3,25,39,42,49,
2421,21/10/2021,2,3,32,35,48,57,
846,03/03/2007,2,3,44,47,50,54,
1370,10/03/2012,2,4,5,27,49,59,
1086,27/06/2009,2,4,6,10,23,45,
2287,08/08/2020,2,4,6,29,41,56,
2226,21/01/2020,2,4,7,16,30,38,
1861,28/09/2016,2,4,9,35,45,60,
91,30/11/1997,2,4,10,35,39,60,
330,19/01/2002,2,4,14,23,37,51,
905,26/09/2007,2,4,15,16,55,57,
1138,24/12/2009,2,4,15,18,25,36,
2809,17/12/2024,2,4,15,28,34,39,
961,16/04/2008,2,4,16,21,36,53,
225,24/06/2000,2,4,16,21,37,58,
107,22/03/1998,2,4,16,24,51,52,
1458,09/01/2013,2,4,16,33,44,51,
1006,20/09/2008,2,4,17,33,48,55,
704,05/10/2005,2,4,18,27,34,50,
2687,10/02/2024,2,4,24,30,34,50,
2275,01/07/2020,2,4,25,36,50,53,
413,13/11/2002,2,4,29,33,35,53,
1182,26/05/2010,2,4,29,52,56,60,
2745,04/07/2024,2,5,7,11,52,57,
299,26/09/2001,2,5,7,33,49,53,
1755,28/10/2015,2,5,8,18,30,48,
1595,30/04/2014,2,5,8,42,46,59,
2322,28/11/2020,2,5,10,29,34,41,
1297,02/07/2011,2,5,11,13,56,59,
2272,20/06/2020,2,5,11,24,41,49,
1377,04/04/2012,2,5,12,13,25,35,
1994,06/12/2017,2,5,12,32,40,44,
1422,05/09/2012,2,5,13,17,39,44,
1689,25/03/2015,2,5,13,27,41,53,
1295,25/06/2011,2,5,15,20,43,57,
1325,05/10/2011,2,5,16,20,35,43,
374,29/06/2002,2,5,16,26,44,54,
1378,07/04/2012,2,5,17,18,54,59,
1049,18/02/2009,2,5,17,29,34,52,
1555,11/12/2013,2,5,23,33,52,59,
1444,21/11/2012,2,5,27,28,48,55,
2543,26/11/2022,2,5,27,30,46,53,
1286,25/05/2011,2,5,28,33,51,52,
48,02/02/1997,2,5,28,34,47,50,
1786,02/02/2016,2,6,8,21,25,34,
2556,18/01/2023,2,6,10,14,34,56,
1818,14/05/2016,2,6,10,15,53,56,
2450,02/02/2022,2,6,11,15,17,39,
1206,18/08/2010,2,6,11,36,37,48,
1802,23/03/2016,2,6,13,14,17,44,
1609,18/06/2014,2,6,13,26,53,60,
492,27/08/2003,2,6,15,18,56,57,
609,23/10/2004,2,6,15,58,59,60,
43,29/12/1996,2,6,17,25,26,58,
1640,01/10/2014,2,6,18,23,31,46,
1449,08/12/2012,2,6,18,30,52,56,
790,16/08/2006,2,6,19,22,28,43,
223,10/06/2000,2,6,22,24,28,58,
1978,17/10/2017,2,6,22,44,55,57,
2155,29/05/2019,2,6,27,37,44,47,
1440,07/11/2012,2,6,28,36,51,56,
498,17/09/2003,2,6,28,49,50,57,
1459,12/01/2013,2,6,30,34,35,52,
2375,26/05/2021,2,6,44,46,53,58,
1023,19/11/2008,2,7,8,18,40,45,
1902,11/02/2017,2,7,9,18,21,25,
2442,08/01/2022,2,7,9,25,41,49,
706,15/10/2005,2,7,10,17,22,60,
2422,23/10/2021,2,7,10,20,30,46,
183,04/09/1999,2,7,11,16,40,44,
1367,01/03/2012,2,7,13,29,38,43,
716,23/11/2005,2,7,16,29,32,50,
742,01/03/2006,2,7,17,34,41,50,
56,30/03/1997,2,7,20,35,51,59,
753,08/04/2006,2,7,22,35,43,59,
2464,19/03/2022,2,7,24,43,52,56,
2476,28/04/2022,2,7,32,46,49,55,
1931,17/05/2017,2,8,9,15,22,34,
862,28/04/2007,2,8,11,12,19,35,
2639,30/09/2023,2,8,11,22,48,49,
814,08/11/2006,2,8,11,41,46,50,
1392,26/05/2012,2,8,12,28,33,43,
59,20/04/1997,2,8,13,28,34,54,
1244,24/12/2010,2,8,15,25,34,45,
860,23/04/2007,2,8,17,22,42,44,
2098,17/11/2018,2,8,18,27,38,60,
2101,28/11/2018,2,8,18,37,56,58,
1062,04/04/2009,2,8,23,33,37,55,
1714,17/06/2015,2,8,24,36,51,52,
2379,09/06/2021,2,8,26,32,46,56,
807,14/10/2006,2,8,27,32,49,56,
2540,19/11/2022,2,8,28,34,41,49,
2439,18/12/2021,2,8,34,38,47,51,
1862,01/10/2016,2,8,35,42,49,56,
1354,14/01/2012,2,8,38,42,48,49,
1547,13/11/2013,2,9,10,18,21,28,
1402,30/06/2012,2,9,10,21,27,38,
2728,23/05/2024,2,9,11,25,43,51,
1193,03/07/2010,2,9,12,14,32,54,02-09-12-36-49-52
1856,14/09/2016,2,9,14,22,32,37,
1717,27/06/2015,2,9,16,37,44,58,
1583,19/03/2014,2,9,17,18,45,47,
1798,10/03/2016,2,9,23,28,45,53,
168,22/05/1999,2,9,31,35,45,50,
2337,23/01/2021,2,9,34,49,51,55,
2173,27/07/2019,2,9,42,44,48,50,
2017,24/02/2018,2,10,11,24,38,56,
1451,15/12/2012,2,10,11,33,52,57,
2104,06/12/2018,2,10,12,27,45,56,
1504,19/06/2013,2,10,12,30,41,42,
1748,07/10/2015,2,10,13,41,49,53,
990,26/07/2008,2,10,15,18,29,39,
441,26/02/2003,2,10,15,21,58,59,
1302,20/07/2011,2,10,15,44,56,57,
2606,29/06/2023,2,10,16,32,45,49,
574,23/06/2004,2,10,17,23,32,44,
2558,25/01/2023,2,10,18,25,34,44,
1185,05/06/2010,2,10,21,35,43,54,
2643,10/10/2023,2,10,29,31,56,59,
2725,16/05/2024,2,10,32,33,38,47,
1245,31/12/2010,2,10,34,37,43,50,
884,14/07/2007,2,11,12,14,22,39,
683,20/07/2005,2,11,12,35,40,43,
2067,11/08/2018,2,11,13,26,32,59,
2078,15/09/2018,2,11,15,30,36,39,
1420,29/08/2012,2,11,16,18,36,45,
952,15/03/2008,2,11,18,27,30,54,
560,05/05/2004,2,11,18,30,32,58,
2418,13/10/2021,2,11,19,27,57,60,
2124,13/02/2019,2,11,20,31,43,47,
1011,08/10/2008,2,11,21,30,35,52,
1532,21/09/2013,2,11,23,31,42,44,
782,19/07/2006,2,11,23,35,42,59,
703,01/10/2005,2,11,24,27,30,45,
2742,27/06/2024,2,11,25,32,37,57,
962,19/04/2008,2,11,40,48,49,55,
2316,07/11/2020,2,11,43,49,52,56,
616,17/11/2004,2,12,16,24,26,54,
2768,29/08/2024,2,12,18,28,32,33,
1362,11/02/2012,2,12,19,22,36,58,
1712,10/06/2015,2,12,19,29,50,59,
733,28/01/2006,2,12,26,31,43,46,
2590,09/05/2023,2,12,28,36,43,48,
406,19/10/2002,2,12,32,38,47,48,
1473,02/03/2013,2,12,33,57,58,60,
2143,17/04/2019,2,12,35,51,57,58,
1524,24/08/2013,2,12,40,46,52,53,
1797,08/03/2016,2,13,14,35,54,57,
79,07/09/1997,2,13,17,25,31,43,
2777,21/09/2024,2,13,21,38,42,52,
2179,14/08/2019,2,13,24,35,50,54,
830,03/01/2007,2,13,41,49,51,53,
160,27/03/1999,2,13,42,52,54,58,
455,19/04/2003,2,14,15,17,50,59,
1933,24/05/2017,2,14,15,19,35,59,
2151,15/05/2019,2,14,18,29,36,38,
1808,13/04/2016,2,14,20,25,41,45,
1759,10/11/2015,2,14,21,22,51,60,
1957,10/08/2017,2,14,22,23,29,47,
355,20/04/2002,2,14,22,23,37,60,
777,01/07/2006,2,14,23,28,50,56,
55,23/03/1997,2,14,23,29,38,52,
1494,15/05/2013,2,14,24,28,35,50,
310,03/11/2001,2,14,28,29,31,32,
1452,18/12/2012,2,14,28,50,57,58,
1252,26/01/2011,2,14,35,39,49,51,
1275,16/04/2011,2,14,48,55,58,60,
730,18/01/2006,2,15,16,45,50,54,
1551,27/11/2013,2,15,19,21,23,38,
808,18/10/2006,2,15,21,31,46,57,
1257,12/02/2011,2,15,26,27,30,52,
1567,22/01/2014,2,15,30,38,48,53,
923,28/11/2007,2,15,39,50,53,57,
1792,20/02/2016,2,16,17,18,41,47,
1360,04/02/2012,2,16,17,25,50,54,
2324,05/12/2020,2,16,19,31,43,60,
745,11/03/2006,2,16,21,37,43,57,
2178,10/08/2019,2,16,21,42,50,56,
2705,26/03/2024,2,16,22,27,35,47,
14,10/06/1996,2,16,23,27,47,53,
2526,05/10/2022,2,16,24,38,43,59,
246,18/11/2000,2,16,32,37,43,57,
2188,14/09/2019,2,17,21,28,51,60,
932,05/01/2008,2,17,21,36,42,53,
1834,06/07/2016,2,17,22,24,48,51,
2520,15/09/2022,2,17,22,41,58,60,
2478,04/05/2022,2,17,23,28,39,46,
1253,29/01/2011,2,17,23,43,44,51,
2087,13/10/2018,2,18,19,23,34,53,
2698,09/03/2024,2,18,19,35,45,60,
1089,08/07/2009,2,18,20,32,37,48,
336,09/02/2002,2,18,22,26,30,54,
407,23/10/2002,2,18,22,49,51,57,
587,07/08/2004,2,18,29,30,36,60,
1384,28/04/2012,2,18,30,31,45,56,
1775,31/12/2015,2,18,31,42,51,56,
1430,03/10/2012,2,19,22,30,46,52,
2738,18/06/2024,2,19,25,44,46,60,
632,19/01/2005,2,19,28,48,51,54,
924,01/12/2007,2,20,21,27,51,60,
1915,25/03/2017,2,20,21,33,48,57,
1039,14/01/2009,2,20,24,27,36,52,
1771,19/12/2015,2,20,27,28,32,38,
2583,15/04/2023,2,20,27,30,52,59,
1337,16/11/2011,2,20,35,38,45,51,
937,23/01/2008,2,21,22,30,41,52,
1604,31/05/2014,2,21,24,27,40,51,
256,27/01/2001,2,21,26,32,34,52,
989,23/07/2008,2,21,27,29,32,38,
1544,01/11/2013,2,21,30,35,45,50,
93,14/12/1997,2,22,28,31,36,53,
235,02/09/2000,2,22,29,31,41,55,
2633,16/09/2023,2,23,25,33,45,54,
1212,08/09/2010,2,23,33,35,40,50,
266,07/04/2001,2,23,38,46,48,54,
1365,22/02/2012,2,24,26,32,35,50,
1464,30/01/2013,2,24,32,50,54,59,
74,03/08/1997,2,24,34,37,38,50,
1716,24/06/2015,2,25,36,41,42,53,
1525,28/08/2013,2,26,30,35,46,54,
2288,11/08/2020,2,26,35,39,40,56,
2223,11/01/2020,2,26,40,42,49,56,
1964,02/09/2017,2,27,32,36,48,50,
1624,07/08/2014,2,27,32,41,47,58,
2011,06/02/2018,2,28,32,35,54,58,
2409,15/09/2021,2,29,39,49,52,58,
121,27/06/1998,2,29,41,44,53,55,
153,06/02/1999,2,30,31,42,45,47,
357,27/04/2002,2,30,32,35,45,53,
805,07/10/2006,2,30,36,43,48,60,
1219,02/10/2010,2,33,34,37,41,53,
1021,12/11/2008,2,33,42,43,51,55,
1439,03/11/2012,2,34,35,42,43,55,
1470,20/02/2013,2,34,36,38,51,55,
2020,07/03/2018,2,36,46,48,57,60,
895,22/08/2007,2,41,43,55,57,58,
1585,26/03/2014,2,43,47,48,49,55,
,,,,,,,,
1397,13/06/2012,3,4,7,15,27,56,03-04-05-18-29-50
1371,14/03/2012,3,4,8,11,47,49,
898,01/09/2007,3,4,8,30,45,54,
511,05/11/2003,3,4,8,34,36,37,
798,13/09/2006,3,4,9,29,32,52,
2346,20/02/2021,3,4,11,40,42,58,
472,18/06/2003,3,4,12,29,38,51,
2580,05/04/2023,3,4,13,29,36,43,
754,12/04/2006,3,4,13,34,42,50,
1503,15/06/2013,3,4,16,22,36,42,
998,23/08/2008,3,4,21,22,28,32,
1350,31/12/2011,3,4,29,36,45,55,
1844,06/08/2016,3,4,37,39,48,50,
1477,16/03/2013,3,4,46,50,56,59,
977,11/06/2008,3,5,7,9,17,32,
40,08/12/1996,3,5,8,12,46,47,
1733,15/08/2015,3,5,9,14,41,46,
2311,22/10/2020,3,5,9,35,43,60,
2068,14/08/2018,3,5,9,40,42,47,
448,26/03/2003,3,5,9,45,51,52,
803,30/09/2006,3,5,10,21,28,57,
182,28/08/1999,3,5,10,28,46,60,
947,27/02/2008,3,5,11,14,33,58,
438,15/02/2003,3,5,11,14,38,48,
1849,20/08/2016,3,5,11,27,35,44,
959,09/04/2008,3,5,11,33,39,57,
2244,18/03/2020,3,5,11,34,37,42,
1305,30/07/2011,3,5,11,36,44,46,
1332,29/10/2011,3,5,13,24,35,59,
773,17/06/2006,3,5,14,29,34,51,
1626,13/08/2014,3,5,14,35,43,52,
1234,24/11/2010,3,5,19,24,30,35,
2505,30/07/2022,3,5,19,26,43,51,
7,22/04/1996,3,5,20,21,38,56,
440,22/02/2003,3,5,23,30,46,47,
617,20/11/2004,3,5,25,33,36,49,
507,22/10/2003,3,5,27,33,44,58,
2529,15/10/2022,3,5,32,56,57,59,
2000,31/12/2017,3,6,10,17,34,37,
658,23/04/2005,3,6,11,20,36,41,
2046,02/06/2018,3,6,11,27,28,46,
1841,27/07/2016,3,6,13,38,49,51,
1896,21/01/2017,3,6,14,15,21,25,
2796,13/11/2024,3,6,14,33,55,58,
1196,14/07/2010,3,6,19,20,58,60,
28,15/09/1996,3,6,22,24,54,60,
1113,30/09/2009,3,6,29,36,47,59,
1578,01/03/2014,3,6,30,37,53,56,
1078,30/05/2009,3,6,34,41,43,45,
1210,01/09/2010,3,7,9,10,31,34,
2417,09/10/2021,3,7,10,11,27,46,
2704,23/03/2024,3,7,10,25,31,52,
2703,21/03/2024,3,7,11,35,38,56,
2603,21/06/2023,3,7,13,29,52,56,
2572,11/03/2023,3,7,15,22,24,50,
1424,12/09/2012,3,7,15,29,38,60,
1886,17/12/2016,3,7,15,40,45,54,
2303,26/09/2020,3,7,17,20,48,50,
207,19/02/2000,3,7,19,24,53,55,
537,11/02/2004,3,7,19,34,37,39,
233,19/08/2000,3,7,24,32,36,45,
1002,06/09/2008,3,7,25,31,40,58,
1125,11/11/2009,3,7,29,33,42,56,
1830,22/06/2016,3,7,29,37,54,60,
2677,18/01/2024,3,7,32,34,42,54,
764,18/05/2006,3,7,45,47,53,55,
618,24/11/2004,3,8,10,13,24,60,
2614,25/07/2023,3,8,13,14,19,25,
29,22/09/1996,3,8,14,43,56,58,
1236,01/12/2010,3,8,17,20,38,53,
1015,22/10/2008,3,8,17,26,28,49,
2519,13/09/2022,3,8,20,36,38,57,
1423,08/09/2012,3,8,21,25,27,43,
478,09/07/2003,3,8,21,25,30,31,
2465,23/03/2022,3,8,23,29,53,54,
534,31/01/2004,3,8,23,31,48,57,
1728,01/08/2015,3,8,28,39,42,59,
2317,11/11/2020,3,8,30,33,35,48,
2601,14/06/2023,3,8,34,40,44,55,
1249,15/01/2011,3,8,36,40,51,53,
1247,08/01/2011,3,9,11,24,36,51,
1845,09/08/2016,3,9,13,29,30,51,
569,05/06/2004,3,9,14,15,32,57,
2794,07/11/2024,3,9,14,20,28,52,
572,16/06/2004,3,9,16,20,33,60,
195,27/11/1999,3,9,17,32,37,44,
128,15/08/1998,3,9,18,21,23,43,
1916,29/03/2017,3,9,18,23,50,52,
1701,05/05/2015,3,9,18,32,40,56,
2798,19/11/2024,3,9,18,54,59,60,
1107,09/09/2009,3,9,20,36,53,54,
213,01/04/2000,3,9,23,30,32,35,
2428,13/11/2021,3,9,25,28,29,39,
725,31/12/2005,3,9,35,37,41,49,
1200,28/07/2010,3,10,11,39,54,56,
2489,08/06/2022,3,10,13,25,41,42,
1171,17/04/2010,3,10,13,30,41,57,
1599,14/05/2014,3,10,15,35,36,58,
1713,13/06/2015,3,10,16,23,27,29,
765,21/05/2006,3,10,16,30,37,50,
1867,18/10/2016,3,10,17,21,22,43,
1074,16/05/2009,3,10,23,29,47,50,
247,25/11/2000,3,10,23,30,34,46,
1929,11/05/2017,3,10,23,36,43,52,
2356,27/03/2021,3,10,25,36,51,58,
1881,30/11/2016,3,10,30,44,53,56,
2759,08/08/2024,3,10,38,40,48,59,
1726,25/07/2015,3,10,42,49,54,57,
705,08/10/2005,3,11,13,15,26,43,
1353,11/01/2012,3,11,13,27,32,47,
2122,06/02/2019,3,11,15,21,27,49,
1191,26/06/2010,3,11,16,22,25,33,
1871,29/10/2016,3,11,17,33,52,58,
1213,11/09/2010,3,11,26,34,45,53,
2197,14/10/2019,3,11,29,35,44,57,
2680,25/01/2024,3,11,42,45,46,57,
377,10/07/2002,3,12,19,27,45,46,
2515,31/08/2022,3,12,19,41,45,54,
943,13/02/2008,3,12,23,41,47,58,
1936,03/06/2017,3,12,24,40,51,52,
474,25/06/2003,3,12,32,34,40,50,
1096,01/08/2009,3,13,14,16,41,52,
427,08/01/2003,3,13,14,24,43,51,
1749,10/10/2015,3,13,14,29,33,43,
2557,21/01/2023,3,13,16,25,27,33,
53,09/03/1997,3,13,16,38,42,46,
36,10/11/1996,3,13,17,25,29,51,
2201,24/10/2019,3,13,23,41,49,53,
287,15/08/2001,3,13,25,33,47,60,
139,31/10/1998,3,13,26,27,41,42,
105,08/03/1998,3,13,31,43,46,49,
804,04/10/2006,3,13,37,47,56,59,
2103,04/12/2018,3,13,40,44,46,50,
1788,06/02/2016,3,13,42,45,56,59,
60,27/04/1997,3,14,15,20,21,38,
2503,23/07/2022,3,14,16,38,43,45,
1405,11/07/2012,3,14,17,32,37,39,
1506,26/06/2013,3,14,18,34,42,49,
1335,09/11/2011,3,14,20,22,49,51,
2665,07/12/2023,3,14,21,22,37,39,
721,10/12/2005,3,14,23,25,36,55,
2088,17/10/2018,3,14,24,27,38,56,
2617,02/08/2023,3,14,36,42,43,44,
1380,14/04/2012,3,14,52,55,57,60,
1114,03/10/2009,3,15,16,22,25,54,
793,26/08/2006,3,15,16,33,51,57,
1358,28/01/2012,3,15,16,35,37,47,
1142,06/01/2010,3,15,26,28,31,58,
910,13/10/2007,3,15,27,29,36,53,
979,18/06/2008,3,15,28,31,39,51,
1211,04/09/2010,3,15,31,36,48,54,
776,28/06/2006,3,15,35,41,57,60,
2424,30/10/2021,3,16,17,37,38,53,
1268,23/03/2011,3,16,17,44,53,60,
1145,16/01/2010,3,16,19,24,33,60,
851,21/03/2007,3,16,19,32,35,58,
151,23/01/1999,3,16,20,43,52,56,
1048,14/02/2009,3,16,21,28,38,57,
1301,16/07/2011,3,16,23,25,51,56,
2462,12/03/2022,3,16,23,41,45,57,
120,20/06/1998,3,16,27,40,45,46,
1977,14/10/2017,3,16,28,32,34,37,
2789,24/10/2024,3,17,18,19,20,55,
456,23/04/2003,3,17,22,27,33,40,
854,31/03/2007,3,17,24,25,27,44,
47,26/01/1997,3,17,25,35,48,56,
1540,19/10/2013,3,17,27,32,47,54,
2069,16/08/2018,3,17,34,35,40,48,
493,30/08/2003,3,18,20,24,42,54,
1434,17/10/2012,3,18,22,34,55,58,
578,07/07/2004,3,18,23,48,56,58,
893,15/08/2007,3,18,26,51,53,56,
1685,11/03/2015,3,18,31,39,46,51,
1675,04/02/2015,3,18,34,35,36,56,
318,01/12/2001,3,19,20,31,40,53,
1416,15/08/2012,3,19,22,24,35,49,
1820,21/05/2016,3,19,23,27,40,45,
2427,10/11/2021,3,19,25,37,44,56,
2372,15/05/2021,3,19,25,44,46,57,
2306,07/10/2020,3,19,28,33,57,58,
2353,17/03/2021,3,19,34,41,48,53,
2166,06/07/2019,3,19,34,44,56,58,
2362,14/04/2021,3,20,22,32,35,50,
2524,28/09/2022,3,20,22,37,41,43,
2313,28/10/2020,3,20,26,45,49,58,
1087,01/07/2009,3,20,28,32,36,46,
505,15/10/2003,3,20,28,46,47,52,
994,09/08/2008,3,20,29,40,44,58,
296,15/09/2001,3,20,42,46,51,52,
2555,14/01/2023,3,20,45,52,53,58,
679,06/07/2005,3,21,25,37,54,58,
2609,08/07/2023,3,21,27,32,35,60,
526,03/01/2004,3,21,31,36,55,59,
2518,10/09/2022,3,22,23,44,53,60,
1584,22/03/2014,3,22,27,28,50,54,
2761,13/08/2024,3,22,34,44,49,57,
2413,28/09/2021,3,22,37,40,41,48,
1617,16/07/2014,3,23,26,31,47,54,
1703,09/05/2015,3,23,26,35,39,49,
2546,07/12/2022,3,23,28,34,38,48,
1642,08/10/2014,3,23,42,43,47,60,
855,04/04/2007,3,24,31,42,43,53,
444,12/03/2003,3,24,33,48,52,57,
645,09/03/2005,3,24,48,52,53,54,
919,14/11/2007,3,25,31,41,43,60,
1907,25/02/2017,3,25,35,38,44,48,
538,14/02/2004,3,25,43,45,52,56,
217,29/04/2000,3,27,32,45,49,51,
2106,12/12/2018,3,27,36,39,40,43,
2312,24/10/2020,3,27,39,46,47,60,
1571,05/02/2014,3,29,32,46,55,60,
1143,09/01/2010,3,30,35,44,47,60,
831,06/01/2007,3,32,33,42,48,50,
719,03/12/2005,3,32,37,39,47,53,
2220,31/12/2019,3,35,38,40,57,58,
1372,17/03/2012,3,36,40,46,58,60,
794,30/08/2006,3,38,42,47,55,56,
,,,,,,,,
2414,30/09/2021,4,5,6,14,29,38,
1135,16/12/2009,4,5,6,19,23,39,
1622,02/08/2014,4,5,7,21,45,53,
1497,25/05/2013,4,5,7,27,45,58,
1963,30/08/2017,4,5,7,34,42,60,
2550,31/12/2022,4,5,10,34,58,59,
1589,09/04/2014,4,5,11,19,41,51,
87,02/11/1997,4,5,11,28,32,40,
546,17/03/2004,4,5,13,17,46,54,
1864,08/10/2016,4,5,14,37,40,60,
1269,26/03/2011,4,5,15,17,27,51,
686,30/07/2005,4,5,15,26,33,54,
1319,14/09/2011,4,5,16,18,27,51,
2560,01/02/2023,4,5,17,20,48,52,
590,18/08/2004,4,5,18,25,28,51,
1168,07/04/2010,4,5,20,47,53,56,
2522,21/09/2022,4,5,25,32,39,40,
1,11/03/1996,4,5,30,33,41,52,
2059,14/07/2018,4,5,36,40,44,56,
343,09/03/2002,4,6,7,12,24,41,
366,01/06/2002,4,6,7,15,21,51,
709,26/10/2005,4,6,9,22,29,44,
599,18/09/2004,4,6,9,23,45,51,
2480,11/05/2022,4,6,9,31,50,56,
84,12/10/1997,4,6,10,25,34,40,
1545,06/11/2013,4,6,11,24,45,48,
1656,26/11/2014,4,6,11,43,54,56,
2507,04/08/2022,4,6,12,34,35,53,
1005,17/09/2008,4,6,12,37,41,42,
2620,12/08/2023,4,6,13,21,26,28,
1466,06/02/2013,4,6,13,34,37,51,
2676,16/01/2024,4,6,14,19,22,29,
115,16/05/1998,4,6,14,20,24,38,
1783,23/01/2016,4,6,16,18,21,38,
2102,01/12/2018,4,6,17,34,51,57,
1727,29/07/2015,4,6,19,20,40,41,
542,03/03/2004,4,6,19,28,35,49,
1294,22/06/2011,4,6,29,48,50,51,
2233,12/02/2020,4,6,32,35,41,45,
260,24/02/2001,4,6,33,43,59,60,
1946,06/07/2017,4,6,39,44,52,60,
1259,19/02/2011,4,6,39,46,54,58,
2054,30/06/2018,4,7,12,22,26,39,
1216,22/09/2010,4,7,13,25,27,58,
2368,04/05/2021,4,7,13,25,36,58,
391,28/08/2002,4,7,15,16,35,40,
2669,16/12/2023,4,7,16,35,46,54,
751,01/04/2006,4,7,20,25,38,50,
242,21/10/2000,4,7,21,22,28,56,
96,04/01/1998,4,7,26,40,42,58,
1161,13/03/2010,4,7,42,47,48,51,
1945,04/07/2017,4,8,10,21,45,54,
2640,03/10/2023,4,8,10,27,28,32,
603,02/10/2004,4,8,11,12,29,44,
918,10/11/2007,4,8,12,38,44,52,
876,16/06/2007,4,8,12,41,45,60,
1511,13/07/2013,4,8,17,29,31,45,04-08-19-35-46-51
783,22/07/2006,4,8,21,32,43,48,
2191,24/09/2019,4,8,26,33,46,53,
945,20/02/2008,4,8,27,44,54,59,
1803,26/03/2016,4,8,29,38,49,50,
768,31/05/2006,4,8,30,33,37,59,
512,08/11/2003,4,8,31,40,53,58,
532,24/01/2004,4,9,12,13,52,53,
1116,10/10/2009,4,9,13,17,20,47,
579,10/07/2004,4,9,15,17,34,39,
1593,23/04/2014,4,9,17,18,21,38,
2369,06/05/2021,4,9,17,19,37,60,
1487,20/04/2013,4,9,17,23,28,53,
131,05/09/1998,4,9,17,27,30,44,
1492,08/05/2013,4,9,18,44,46,48,
1823,01/06/2016,4,9,21,34,54,59,
1184,02/06/2010,4,9,23,27,28,30,
2254,22/04/2020,4,9,24,44,47,56,
1111,23/09/2009,4,9,25,32,33,43,
2341,03/02/2021,4,9,31,32,42,46,
2249,04/04/2020,4,9,31,47,49,53,
2493,22/06/2022,4,9,37,43,44,56,
2284,29/07/2020,4,10,12,14,36,46,
1908,01/03/2017,4,10,13,23,27,57,
164,24/04/1999,4,10,14,19,28,44,
1067,22/04/2009,4,10,14,25,28,56,
2511,17/08/2022,4,10,15,39,41,49,
434,01/02/2003,4,10,17,24,30,54,
822,06/12/2006,4,10,17,27,41,52,
2214,07/12/2019,4,10,18,30,34,47,
1076,23/05/2009,4,10,19,32,33,42,
1659,06/12/2014,4,10,20,33,37,49,
984,05/07/2008,4,10,20,43,46,47,
1591,16/04/2014,4,10,23,33,38,55,
1476,13/03/2013,4,10,26,37,47,57,
1743,19/09/2015,4,10,29,31,34,35,
928,15/12/2007,4,10,32,33,49,60,
1778,09/01/2016,4,10,38,40,45,48,
1971,23/09/2017,4,10,41,44,52,54,
193,13/11/1999,4,11,12,19,43,49,
2395,31/07/2021,4,11,12,44,45,57,
971,21/05/2008,4,11,14,33,44,45,
2189,18/09/2019,4,11,16,22,29,33,
2016,21/02/2018,4,11,17,18,21,48,
2438,15/12/2021,4,11,19,25,37,55,
2065,04/08/2018,4,11,20,30,37,43,
308,27/10/2001,4,11,25,29,39,55,
309,31/10/2001,4,11,25,39,50,55,
321,12/12/2001,4,11,31,32,48,49,
1154,17/02/2010,4,12,14,21,26,28,
727,07/01/2006,4,12,14,30,42,59,
2575,18/03/2023,4,12,14,41,46,53,
2109,20/12/2018,4,12,16,34,44,49,
2611,15/07/2023,4,12,18,21,25,49,
1721,09/07/2015,4,12,19,33,36,38,
744,08/03/2006,4,12,23,26,39,46,
715,19/11/2005,4,12,24,33,36,54,
770,07/06/2006,4,12,25,34,35,48,
755,15/04/2006,4,12,30,47,49,59,
1683,04/03/2015,4,12,32,33,34,48,
2731,01/06/2024,4,12,32,45,49,58,
1515,27/07/2013,4,13,14,18,49,59,
2138,30/03/2019,4,13,14,21,30,34,
1205,14/08/2010,4,13,14,26,29,35,
1433,13/10/2012,4,13,14,40,46,52,
1495,18/05/2013,4,13,14,44,49,57,
1528,06/09/2013,4,13,15,19,36,58,
157,06/03/1999,4,13,17,21,41,44,
432,25/01/2003,4,13,17,27,39,50,
2696,05/03/2024,4,13,18,39,55,59,
2751,20/07/2024,4,13,18,42,52,53,
2334,13/01/2021,4,13,20,22,25,60,
2525,01/10/2022,4,13,21,26,47,51,
2268,06/06/2020,4,13,23,28,30,52,
1019,05/11/2008,4,13,23,29,46,47,
2231,05/02/2020,4,13,25,40,53,57,
547,20/03/2004,4,13,28,30,53,59,
885,18/07/2007,4,13,31,33,47,51,
1469,16/02/2013,4,13,35,54,56,58,
337,16/02/2002,4,14,16,31,52,54,
158,13/03/1999,4,14,17,43,51,58,
1913,18/03/2017,4,14,17,43,52,56,
1123,04/11/2009,4,14,19,39,45,60,
1982,28/10/2017,4,14,20,24,46,50,
1460,16/01/2013,4,14,27,38,50,52,
2007,24/01/2018,4,14,39,41,54,58,
83,05/10/1997,4,15,16,24,42,57,
2528,13/10/2022,4,15,22,53,56,60,
2752,23/07/2024,4,15,24,40,44,47,
1784,27/01/2016,4,15,26,30,54,55,
2371,12/05/2021,4,15,30,36,39,48,
506,18/10/2003,4,15,31,34,37,38,
189,16/10/1999,4,15,31,38,41,53,
1106,05/09/2009,4,15,43,47,50,60,
1435,20/10/2012,4,15,45,47,50,52,
1557,17/12/2013,4,16,18,31,45,46,
985,09/07/2008,4,16,18,46,56,59,
12,27/05/1996,4,16,19,20,27,43,
1064,11/04/2009,4,16,19,28,29,49,
2094,03/11/2018,4,16,19,31,33,44,
35,03/11/1996,4,16,21,23,54,57,
1278,27/04/2011,4,16,24,25,30,56,
995,13/08/2008,4,16,31,36,54,55,
1930,13/05/2017,4,17,18,37,52,56,
1121,28/10/2009,4,17,18,54,56,59,
2644,14/10/2023,4,17,22,28,30,49,
454,16/04/2003,4,17,24,42,46,56,
252,30/12/2000,4,17,26,32,51,54,
2682,30/01/2024,4,17,29,30,52,58,
1264,09/03/2011,4,17,36,37,51,56,
8,29/04/1996,4,17,37,38,47,53,
1082,13/06/2009,4,17,38,40,50,55,
1546,09/11/2013,4,17,38,44,53,60,
1516,31/07/2013,4,18,20,34,45,60,
10,13/05/1996,4,18,21,25,38,57,
900,08/09/2007,4,18,21,34,38,59,
662,07/05/2005,4,18,23,25,56,60,
858,14/04/2007,4,18,23,31,37,54,
371,19/06/2002,4,18,23,33,39,60,
1393,30/05/2012,4,18,24,28,39,44,
881,04/07/2007,4,18,24,43,51,56,
1263,05/03/2011,4,18,26,36,41,53,
88,09/11/1997,4,18,29,37,43,45,
2339,28/01/2021,4,18,29,47,48,59,
1613,02/07/2014,4,18,31,44,46,49,
2600,10/06/2023,4,18,37,38,46,60,
1408,21/07/2012,4,19,20,24,39,43,
912,20/10/2007,4,19,21,26,29,54,
2058,11/07/2018,4,19,23,29,56,59,
1390,19/05/2012,4,19,27,28,29,31,
2115,15/01/2019,4,19,27,35,40,44,
1974,04/10/2017,4,19,27,38,54,57,
873,06/06/2007,4,19,30,34,57,59,
1777,06/01/2016,4,19,38,44,52,55,
1629,23/08/2014,4,20,24,35,47,59,
1267,19/03/2011,4,20,30,41,47,58,
1917,01/04/2017,4,21,25,33,36,46,
2234,15/02/2020,4,21,27,29,42,47,
111,18/04/1998,4,22,25,32,33,52,
1488,24/04/2013,4,22,25,38,45,51,
540,21/02/2004,4,22,28,30,44,49,
752,05/04/2006,4,23,24,25,29,42,
279,07/07/2001,4,23,31,47,58,59,
1282,11/05/2011,4,23,39,52,55,56,
2283,25/07/2020,4,24,37,43,59,60,
605,09/10/2004,4,24,44,49,52,53,
2025,24/03/2018,4,24,46,52,55,56,
749,25/03/2006,4,24,47,48,50,57,
134,26/09/1998,4,25,32,36,52,60,
277,23/06/2001,4,26,38,40,52,56,
1454,22/12/2012,4,27,29,41,48,52,
1485,13/04/2013,4,27,30,36,54,59,
2366,28/04/2021,4,27,33,35,38,41,
333,30/01/2002,4,27,35,44,52,53,
2673,09/01/2024,4,27,35,45,52,56,
682,16/07/2005,4,27,36,37,47,60,
1007,24/09/2008,4,27,36,37,49,52,
661,04/05/2005,4,27,36,40,42,55,
2030,11/04/2018,4,27,38,40,58,59,
171,12/06/1999,4,27,40,43,46,54,
2117,19/01/2019,4,28,29,30,43,52,
1227,30/10/2010,4,28,30,31,35,54,
2002,06/01/2018,4,28,30,38,46,59,
2022,14/03/2018,4,28,45,48,52,60,
2408,11/09/2021,4,29,30,38,43,57,
821,02/12/2006,4,29,33,36,38,42,
1631,30/08/2014,4,29,44,47,48,60,
1718,01/07/2015,4,30,31,32,47,53,
2343,10/02/2021,4,31,42,45,49,56,
1126,14/11/2009,4,31,42,52,57,59,
1112,26/09/2009,4,32,34,43,52,58,
2727,21/05/2024,4,32,39,48,51,57,
2086,10/10/2018,4,35,43,46,47,53,
1037,07/01/2009,4,36,44,46,53,56,
553,10/04/2004,4,43,46,53,54,58,
,,,,,,,,
293,05/09/2001,5,6,7,12,28,35,
1077,27/05/2009,5,6,9,11,18,37,
1983,01/11/2017,5,6,10,14,22,36,
268,21/04/2001,5,6,10,21,33,47,
1566,18/01/2014,5,6,11,32,36,60,
2076,08/09/2018,5,6,12,15,22,43,
1824,04/06/2016,5,6,12,19,30,60,
1519,08/08/2013,5,6,15,23,56,59,
1962,26/08/2017,5,6,15,25,39,53,
837,27/01/2007,5,6,16,24,34,60,
1033,24/12/2008,5,6,17,33,39,54,
1608,14/06/2014,5,6,17,43,54,59,
133,19/09/1998,5,6,19,34,39,57,
468,04/06/2003,5,6,23,25,39,51,
179,07/08/1999,5,6,23,26,27,53,
2710,09/04/2024,5,6,25,42,44,50,
1159,06/03/2010,5,6,34,46,53,55,
1262,02/03/2011,5,7,8,9,11,39,
2213,04/12/2019,5,7,10,32,46,60,
1768,09/12/2015,5,7,11,34,35,50,
328,12/01/2002,5,7,14,21,23,51,
2615,27/07/2023,5,7,22,23,41,59,
1173,24/04/2010,5,7,24,25,36,47,
1071,06/05/2009,5,7,37,43,53,54,
1342,03/12/2011,5,7,42,46,50,60,
518,29/11/2003,5,8,10,15,18,44,
615,13/11/2004,5,8,10,27,31,51,
2391,17/07/2021,5,8,13,27,36,50,
1127,18/11/2009,5,8,14,24,29,30,
1070,02/05/2009,5,8,16,23,41,53,
785,29/07/2006,5,8,17,35,37,48,
1619,23/07/2014,5,8,17,42,46,47,
954,22/03/2008,5,8,18,24,33,57,
942,09/02/2008,5,8,18,42,52,59,
1222,13/10/2010,5,8,19,26,48,57,
1956,08/08/2017,5,8,20,28,40,45,
1522,17/08/2013,5,8,23,32,33,56,
563,15/05/2004,5,8,23,34,44,51,
1838,16/07/2016,5,8,24,30,57,59,
2420,19/10/2021,5,8,29,39,44,60,
1737,29/08/2015,5,8,42,50,51,59,
2358,03/04/2021,5,9,11,16,43,57,
1016,25/10/2008,5,9,11,20,25,60,
1276,20/04/2011,5,9,11,22,36,40,
1431,06/10/2012,5,9,13,33,40,54,
2563,11/02/2023,5,9,14,30,38,50,
54,16/03/1997,5,9,18,21,36,56,
2242,12/03/2020,5,9,18,24,25,42,
653,06/04/2005,5,9,19,24,31,34,
2190,21/09/2019,5,9,20,25,35,53,
2246,25/03/2020,5,9,24,27,33,46,
1270,30/03/2011,5,9,24,31,33,42,
1462,23/01/2013,5,9,25,27,38,40,
270,05/05/2001,5,9,27,35,40,45,
2587,29/04/2023,5,10,11,22,23,37,
2110,31/12/2018,5,10,12,18,25,33,
1183,29/05/2010,5,10,12,20,29,37,
1816,07/05/2016,5,10,12,22,28,46,
19,15/07/1996,5,10,12,24,25,60,
508,25/10/2003,5,10,15,45,46,56,
1133,09/12/2009,5,10,16,21,39,58,
1003,10/09/2008,5,10,16,23,26,27,
1597,07/05/2014,5,10,16,44,50,52,
1970,21/09/2017,5,10,18,24,39,52,
1879,23/11/2016,5,10,20,57,58,59,
190,24/10/1999,5,10,21,32,40,42,
1673,28/01/2015,5,10,23,24,35,47,
2349,03/03/2021,5,10,25,32,49,54,
1204,11/08/2010,5,10,25,39,43,52,
2579,01/04/2023,5,10,26,35,38,44,
2632,14/09/2023,5,10,27,38,56,57,
2089,20/10/2018,5,10,32,38,48,49,
711,05/11/2005,5,10,33,40,41,59,
774,21/06/2006,5,10,37,46,54,58,
1988,16/11/2017,5,10,39,42,46,54,
1927,06/05/2017,5,11,13,19,30,31,
1992,29/11/2017,5,11,13,21,53,54,
2806,10/12/2024,5,11,13,33,45,46,
97,11/01/1998,5,11,14,35,53,56,
809,21/10/2006,5,11,15,23,25,30,
1217,25/09/2010,5,11,15,28,43,50,
1395,06/06/2012,5,11,17,19,44,48,
1890,31/12/2016,5,11,22,24,51,53,
633,22/01/2005,5,11,22,27,46,50,
896,25/08/2007,5,11,22,31,35,41,
490,20/08/2003,5,11,23,29,54,58,
2426,06/11/2021,5,11,24,27,32,57,
2605,27/06/2023,5,11,26,35,46,54,
305,17/10/2001,5,11,27,38,53,60,
1785,30/01/2016,5,11,27,41,42,54,
281,21/07/2001,5,11,31,38,47,53,
660,30/04/2005,5,11,38,46,53,54,
339,23/02/2002,5,12,13,16,27,50,
2279,14/07/2020,5,12,14,20,27,28,
412,09/11/2002,5,12,14,21,45,59,
197,11/12/1999,5,12,15,19,29,52,
152,30/01/1999,5,12,15,29,51,58,
385,07/08/2002,5,12,16,18,22,24,
955,26/03/2008,5,12,21,32,33,35,
1079,03/06/2009,5,12,24,28,36,37,
685,27/07/2005,5,12,27,33,43,56,
2485,28/05/2022,5,12,32,38,47,60,
1379,11/04/2012,5,12,36,45,50,58,
1417,18/08/2012,5,12,45,52,56,59,
967,07/05/2008,5,13,14,18,30,57,
1382,20/04/2012,5,13,16,17,27,55,
2472,16/04/2022,5,13,18,23,35,36,
516,22/11/2003,5,13,24,33,34,35,
116,23/05/1998,5,13,32,36,42,51,
2658,21/11/2023,5,13,39,51,58,60,
1209,28/08/2010,5,14,17,30,35,38,
389,21/08/2002,5,14,18,43,46,54,
936,19/01/2008,5,14,22,29,33,44,
2497,02/07/2022,5,14,23,46,48,52,
138,24/10/1998,5,14,27,37,40,41,
2628,02/09/2023,5,14,32,40,53,54,
32,13/10/1996,5,14,33,36,43,44,
1221,09/10/2010,5,14,37,43,46,58,
1693,08/04/2015,5,15,18,19,21,38,
2276,04/07/2020,5,15,18,27,49,57,
1569,29/01/2014,5,15,18,31,42,53,
178,31/07/1999,5,15,19,26,27,33,
2099,21/11/2018,5,15,20,27,30,58,
2251,11/04/2020,5,15,22,26,54,58,
2514,27/08/2022,5,15,24,34,45,52,
2436,09/12/2021,5,15,28,32,38,54,
124,18/07/1998,5,15,34,41,52,57,
394,07/09/2002,5,15,35,42,45,49,
1220,06/10/2010,5,15,43,48,52,55,
291,29/08/2001,5,16,17,18,22,41,
1029,10/12/2008,5,16,17,20,24,32,
1880,26/11/2016,5,16,19,37,51,56,
280,14/07/2001,5,16,20,25,30,58,
261,03/03/2001,5,16,20,30,54,56,
341,02/03/2002,5,16,22,23,43,56,
1369,07/03/2012,5,16,24,32,38,46,
106,15/03/1998,5,16,24,35,38,39,
2500,13/07/2022,5,16,25,32,39,55,
2394,28/07/2021,5,16,25,36,42,44,
402,05/10/2002,5,16,27,43,56,58,
598,15/09/2004,5,16,34,38,50,53,
2636,23/09/2023,5,16,38,42,43,48,
903,19/09/2007,5,17,20,32,41,55,
2776,19/09/2024,5,17,22,37,51,52,
920,17/11/2007,5,17,24,52,55,57,
1163,20/03/2010,5,17,31,47,51,53,
1811,23/04/2016,5,17,32,35,37,57,
33,20/10/1996,5,17,33,39,42,49,
1237,04/12/2010,5,18,21,26,39,59,
575,26/06/2004,5,18,21,29,35,48,
1130,28/11/2009,5,18,23,32,49,54,
1731,08/08/2015,5,18,27,43,49,59,
2377,02/06/2021,5,18,29,35,43,44,
2132,09/03/2019,5,18,30,35,39,60,
872,02/06/2007,5,18,31,43,55,58,
729,14/01/2006,5,18,33,43,56,57,
2290,15/08/2020,5,18,36,44,57,60,
356,24/04/2002,5,19,21,54,56,58,
796,06/09/2006,5,19,24,34,39,43,
819,25/11/2006,5,19,25,46,51,58,
222,03/06/2000,5,19,30,48,52,55,
1445,24/11/2012,5,19,32,41,49,58,
1312,20/08/2011,5,20,22,28,29,30,
201,08/01/2000,5,20,22,30,35,55,
1231,13/11/2010,5,20,23,27,39,49,
1615,09/07/2014,5,20,26,31,33,44,
2716,23/04/2024,5,20,27,28,48,49,
1084,20/06/2009,5,20,29,33,40,59,
970,17/05/2008,5,21,28,34,54,57,
1022,16/11/2008,5,21,31,39,40,56,
298,22/09/2001,5,22,23,24,34,60,
1179,15/05/2010,5,22,28,47,59,60,
2435,07/12/2021,5,22,30,32,33,36,
2367,30/04/2021,5,23,29,34,53,60,
648,19/03/2005,5,23,29,42,45,48,
555,17/04/2004,5,23,31,33,45,49,
2221,04/01/2020,5,23,34,45,56,57,
1255,05/02/2011,5,23,38,39,51,54,
993,06/08/2008,5,24,25,26,42,60,
2552,07/01/2023,5,24,25,33,38,41,
1541,23/10/2013,5,24,37,44,49,58,
1873,05/11/2016,5,25,28,41,53,54,
2666,09/12/2023,5,25,29,30,43,47,
940,02/02/2008,5,25,31,33,37,51,
710,29/10/2005,5,25,34,39,46,49,
2070,18/08/2018,5,26,27,34,42,48,
1251,22/01/2011,5,27,34,46,48,52,
866,12/05/2007,5,27,36,40,46,48,
756,19/04/2006,5,27,37,38,41,50,
2469,06/04/2022,5,28,30,38,52,55,
916,03/11/2007,5,28,33,36,37,38,
1214,15/09/2010,5,29,30,36,41,48,
364,25/05/2002,5,29,44,51,57,59,
965,30/04/2008,5,30,36,39,57,58,
471,14/06/2003,5,31,32,36,51,59,
2624,24/08/2023,5,31,37,47,52,58,
314,17/11/2001,5,32,34,37,40,58,
2735,11/06/2024,5,33,46,47,53,59,
421,11/12/2002,5,35,37,38,45,51,
2619,09/08/2023,5,36,39,41,44,50,
2165,03/07/2019,5,37,43,49,54,56,
378,13/07/2002,5,38,41,45,48,55,
1668,10/01/2015,5,40,47,52,55,57,
,,,,,,,,
589,14/08/2004,6,7,8,13,33,59,
1594,26/04/2014,6,7,8,23,43,53,
826,19/12/2006,6,7,8,27,45,53,
824,13/12/2006,6,7,9,20,33,48,
1101,19/08/2009,6,7,10,12,24,57,
2416,06/10/2021,6,7,11,26,37,57,
2034,25/04/2018,6,7,13,17,22,56,
289,22/08/2001,6,7,20,25,30,36,
583,24/07/2004,6,7,20,41,43,55,
37,17/11/1996,6,7,22,38,52,60,
2569,01/03/2023,6,7,25,28,31,52,
1038,10/01/2009,6,7,28,35,43,51,
2314,31/10/2020,6,7,28,42,45,49,
1764,25/11/2015,6,7,29,39,41,55,
689,10/08/2005,6,7,31,49,51,60,
1174,28/04/2010,6,7,39,47,51,52,
1109,16/09/2009,6,8,11,14,29,52,
62,11/05/1997,6,8,13,24,31,52,
1456,02/01/2013,6,8,14,26,36,40,
477,05/07/2003,6,8,18,34,38,47,
475,28/06/2003,6,8,19,22,43,52,
1412,04/08/2012,6,8,24,37,41,45,
2145,24/04/2019,6,8,28,51,53,59,
1056,14/03/2009,6,8,38,50,53,59,
288,18/08/2001,6,9,11,17,18,50,
1482,03/04/2013,6,9,11,34,41,53,
2227,23/01/2020,6,9,12,27,32,57,
2621,16/08/2023,6,9,14,16,42,47,
1910,08/03/2017,6,9,15,22,39,48,
2382,19/06/2021,6,9,19,38,53,55,
2289,13/08/2020,6,9,34,37,38,45,
2040,12/05/2018,6,9,41,54,56,58,
126,01/08/1998,6,10,11,28,32,40,
654,09/04/2005,6,10,11,40,41,56,
2207,13/11/2019,6,10,11,43,53,55,
1359,01/02/2012,6,10,12,17,28,53,
17,01/07/1996,6,10,13,19,20,51,
1855,10/09/2016,6,10,15,24,38,39,
1280,04/05/2011,6,10,16,20,29,54,
425,28/12/2002,6,10,16,34,42,47,
1026,29/11/2008,6,10,17,33,51,53,
2063,28/07/2018,6,10,19,24,25,29,
1937,07/06/2017,6,10,24,29,43,55,
1066,18/04/2009,6,10,25,32,43,49,
2271,17/06/2020,6,10,27,28,41,52,
1146,20/01/2010,6,10,28,33,34,53,
1266,16/03/2011,6,10,33,39,42,60,
1537,09/10/2013,6,10,33,50,51,56,
739,18/02/2006,6,10,35,45,49,56,
2096,10/11/2018,6,11,13,19,24,51,
695,31/08/2005,6,11,13,21,40,52,
1800,16/03/2016,6,11,16,19,31,56,
1758,07/11/2015,6,11,16,23,36,42,
2782,03/10/2024,6,11,16,25,28,45,
1465,02/02/2013,6,11,16,26,44,53,
2786,16/10/2024,6,11,17,20,40,51,
607,16/10/2004,6,11,19,27,41,59,
673,15/06/2005,6,11,20,34,37,40,
2649,26/10/2023,6,11,26,32,46,56,
1498,29/05/2013,6,11,27,40,46,49,
2635,21/09/2023,6,11,29,37,56,58,
2229,29/01/2020,6,11,29,40,41,58,
1828,15/06/2016,6,11,32,40,48,59,
2660,25/11/2023,6,12,13,20,38,60,
114,09/05/1998,6,12,18,37,47,54,
2723,11/05/2024,6,12,19,28,50,60,
2686,08/02/2024,6,12,20,41,43,59,
2039,10/05/2018,6,12,22,28,31,44,
1172,20/04/2010,6,12,28,43,52,56,
214,08/04/2000,6,12,30,31,35,50,
2129,28/02/2019,6,12,31,32,46,60,
2562,08/02/2023,6,12,32,44,51,57,
393,04/09/2002,6,12,35,36,40,50,
797,09/09/2006,6,12,47,48,52,58,
1756,31/10/2015,6,13,14,28,35,45,
566,26/05/2004,6,13,17,18,20,37,
559,01/05/2004,6,13,17,25,36,53,
1612,28/06/2014,6,13,17,36,42,51,
608,20/10/2004,6,13,19,24,30,37,
613,06/11/2004,6,13,19,44,54,55,
2702,19/03/2024,6,13,20,34,40,46,
1356,21/01/2012,6,13,21,22,31,46,
481,19/07/2003,6,13,22,24,42,44,
1446,28/11/2012,6,13,24,32,40,51,
1194,07/07/2010,6,13,24,41,50,53,
1453,20/12/2012,6,13,25,32,47,57,
2295,02/09/2020,6,13,26,28,35,41,
1317,08/09/2011,6,13,29,30,35,37,
522,13/12/2003,6,14,15,25,49,52,
1164,24/03/2010,6,14,17,26,40,49,
527,07/01/2004,6,14,17,26,50,52,
802,27/09/2006,6,14,18,24,48,60,
2032,17/04/2018,6,14,19,20,39,53,
2397,07/08/2021,6,14,20,39,46,48,
852,24/03/2007,6,14,23,34,38,44,06-14-23-29-44-49
2363,17/04/2021,6,14,24,34,39,58,
1110,19/09/2009,6,14,26,28,42,45,
535,04/02/2004,6,14,28,47,49,56,
731,21/01/2006,6,15,16,23,28,35,
1426,19/09/2012,6,15,18,24,30,44,
2701,16/03/2024,6,15,18,31,32,47,
2029,07/04/2018,6,15,18,33,37,40,
2538,12/11/2022,6,15,19,20,33,52,
986,12/07/2008,6,15,19,24,31,32,
1981,25/10/2017,6,15,19,37,39,53,
442,01/03/2003,6,15,23,31,37,59,
1323,28/09/2011,6,15,25,37,48,55,
212,25/03/2000,6,15,29,45,57,59,
85,19/10/1997,6,15,30,37,45,47,
2292,22/08/2020,6,16,18,33,42,57,
539,18/02/2004,6,16,19,47,50,55,
50,16/02/1997,6,16,21,44,57,58,
2774,14/09/2024,6,16,22,24,38,50,
2218,19/12/2019,6,16,22,38,48,52,
147,24/12/1998,6,16,23,24,28,38,
2616,29/07/2023,6,16,23,35,38,49,
1735,22/08/2015,6,16,33,34,45,46,
1153,13/02/2010,6,17,19,34,46,55,
732,25/01/2006,6,17,19,49,50,53,
573,19/06/2004,6,17,22,29,40,59,
1892,07/01/2017,6,17,22,30,37,50,
717,26/11/2005,6,17,23,28,35,41,
2319,18/11/2020,6,17,25,35,40,49,
2618,05/08/2023,6,17,29,35,45,48,
1993,02/12/2017,6,17,33,48,50,57,
960,12/04/2008,6,18,19,33,34,53,
1942,24/06/2017,6,18,20,24,43,48,
143,28/11/1998,6,18,20,40,50,53,
1632,03/09/2014,6,18,24,27,56,59,
2354,20/03/2021,6,18,25,30,42,54,
396,14/09/2002,6,18,34,42,45,47,
1782,20/01/2016,6,18,34,47,52,57,
1746,30/09/2015,6,18,37,40,41,58,
1306,03/08/2011,6,19,22,34,43,45,
939,30/01/2008,6,19,23,37,49,50,
1409,25/07/2012,6,19,26,47,50,58,
1017,29/10/2008,6,19,31,34,51,56,
1801,19/03/2016,6,19,34,43,45,54,
1780,14/01/2016,6,20,22,31,33,34,
86,26/10/1997,6,21,22,34,36,54,
1374,24/03/2012,6,21,28,31,33,43,
239,30/09/2000,6,21,33,44,46,47,
2134,16/03/2019,6,21,34,46,54,59,
2402,21/08/2021,6,22,25,29,30,60,
2717,25/04/2024,6,22,34,36,44,50,
1502,12/06/2013,6,22,43,51,52,57,
180,14/08/1999,6,23,29,39,51,60,
2013,10/02/2018,6,23,30,36,53,56,
1147,23/01/2010,6,23,31,33,39,52,
606,13/10/2004,6,23,32,35,41,55,
2651,01/11/2023,6,23,35,36,37,59,
1846,11/08/2016,6,24,26,30,34,49,
316,24/11/2001,6,24,28,43,51,56,
1088,04/07/2009,6,24,31,35,42,57,
464,21/05/2003,6,24,33,38,45,50,
2038,08/05/2018,6,25,26,35,38,40,
2066,08/08/2018,6,25,27,35,45,55,
161,03/04/1999,6,25,30,37,39,41,
2082,26/09/2018,6,25,33,42,48,49,
2055,03/07/2018,6,25,35,43,46,53,
1789,10/02/2016,6,25,43,57,58,59,
2753,25/07/2024,6,26,31,46,52,55,
2573,14/03/2023,6,26,32,35,37,49,
1491,04/05/2013,6,26,45,50,56,60,
1574,15/02/2014,6,27,28,33,46,48,
1906,23/02/2017,6,27,33,39,40,60,
2206,09/11/2019,6,27,38,42,45,57,
2718,27/04/2024,6,30,34,41,46,59,
2661,28/11/2023,6,30,35,38,41,56,
2320,21/11/2020,6,30,35,39,42,48,
789,12/08/2006,6,31,38,39,50,60,
1747,03/10/2015,6,33,34,48,53,59,
21,29/07/1996,6,33,36,46,49,53,
187,02/10/1999,6,36,41,44,48,58,
95,28/12/1997,6,40,45,46,50,60,
,,,,,,,,
1418,22/08/2012,7,8,10,12,27,56,
839,03/02/2007,7,8,11,18,37,43,
1329,19/10/2011,7,8,11,39,43,50,
1186,09/06/2010,7,8,12,13,15,41,
2564,14/02/2023,7,8,14,19,32,45,
2262,16/05/2020,7,8,14,23,30,46,
284,04/08/2001,7,8,14,30,32,36,
714,16/11/2005,7,8,17,35,39,53,
626,22/12/2004,7,8,18,22,39,49,
665,18/05/2005,7,8,18,25,47,48,
576,30/06/2004,7,8,18,39,43,52,
2036,02/05/2018,7,8,19,23,27,58,
2193,28/09/2019,7,8,22,27,29,42,
584,28/07/2004,7,8,23,30,32,53,
1149,30/01/2010,7,8,23,36,46,54,
1308,09/08/2011,7,8,24,30,33,47,
1404,07/07/2012,7,8,27,31,32,51,
517,26/11/2003,7,8,28,32,38,51,
2232,08/02/2020,7,8,31,34,38,47,
712,09/11/2005,7,8,35,43,53,58,
2780,28/09/2024,7,9,10,14,46,53,
2240,07/03/2020,7,9,10,19,25,58,
2707,02/04/2024,7,9,11,39,54,57,
1013,15/10/2008,7,9,12,19,20,41,
1311,17/08/2011,7,9,12,19,45,54,
708,22/10/2005,7,9,13,39,45,47,
196,04/12/1999,7,9,14,17,24,32,
1254,02/02/2011,7,9,14,18,29,39,
890,04/08/2007,7,9,17,21,22,54,
2075,05/09/2018,7,9,23,33,57,59,
1383,25/04/2012,7,9,23,44,46,55,
2793,05/11/2024,7,9,25,37,57,59,
1203,07/08/2010,7,9,30,33,38,55,
842,14/02/2007,7,9,30,44,51,60,
132,12/09/1998,7,9,35,41,44,50,
1108,12/09/2009,7,9,39,43,44,60,
1051,25/02/2009,7,10,11,13,43,57,
1339,23/11/2011,7,10,14,16,54,59,
1657,29/11/2014,7,10,14,37,45,54,
1406,14/07/2012,7,10,17,24,38,57,
503,08/10/2003,7,10,21,27,48,49,
2410,18/09/2021,7,10,27,35,43,59,
780,12/07/2006,7,10,28,50,51,59,
437,12/02/2003,7,10,30,44,54,59,
1307,06/08/2011,7,10,32,43,47,54,
2512,20/08/2022,7,10,34,47,49,52,
2750,18/07/2024,7,11,12,19,36,52,
1542,26/10/2013,7,11,12,30,39,57,
1124,07/11/2009,7,11,16,18,33,49,
1658,03/12/2014,7,11,19,23,40,49,
42,22/12/1996,7,11,19,24,33,36,
149,09/01/1999,7,11,20,28,45,48,
2028,04/04/2018,7,11,24,36,42,58,
2607,01/07/2023,7,11,25,51,57,60,
2663,02/12/2023,7,11,27,41,56,59,
304,13/10/2001,7,11,34,41,42,59,
1391,23/05/2012,7,12,19,34,40,53,
417,27/11/2002,7,12,21,25,34,42,
390,24/08/2002,7,12,22,34,38,53,
1493,11/05/2013,7,12,24,27,30,49,
2126,20/02/2019,7,12,24,27,39,58,
295,12/09/2001,7,12,24,31,44,50,
1667,07/01/2015,7,12,24,44,51,56,
1309,11/08/2011,7,12,25,26,32,39,
1348,22/12/2011,7,12,38,39,45,56,
346,20/03/2002,7,12,41,46,56,60,
258,10/02/2001,7,12,50,54,55,60,
2771,06/09/2024,7,13,14,33,38,50,
1008,27/09/2008,7,13,15,34,42,48,
2608,05/07/2023,7,13,17,24,29,52,
303,10/10/2001,7,13,17,30,37,47,
2755,30/07/2024,7,13,17,33,41,58,
935,16/01/2008,7,13,18,29,31,45,
6,15/04/1996,7,13,19,22,40,47,
502,04/10/2003,7,13,21,24,33,50,
958,05/04/2008,7,13,22,33,48,51,
1829,18/06/2016,7,13,24,30,32,53,
49,09/02/1997,7,13,33,35,43,55,
1682,28/02/2015,7,13,35,37,39,51,
602,29/09/2004,7,13,38,46,55,60,
1304,27/07/2011,7,14,15,20,23,35,
30,29/09/1996,7,14,15,29,38,50,
1885,14/12/2016,7,14,18,23,32,59,
1729,04/08/2015,7,14,23,43,44,53,
906,29/09/2007,7,14,24,29,35,39,
2598,03/06/2023,7,14,24,53,58,60,
1438,31/10/2012,7,14,31,33,36,49,
558,28/04/2004,7,14,31,57,58,59,
2021,10/03/2018,7,14,32,37,40,60,
2044,26/05/2018,7,14,47,54,56,60,
1558,19/12/2013,7,15,17,31,42,54,
1428,26/09/2012,7,15,19,34,37,55,
2712,13/04/2024,7,15,19,35,40,42,
996,16/08/2008,7,15,20,21,23,29,
1543,30/10/2013,7,15,20,23,30,41,
57,06/04/1997,7,16,17,27,34,59,
224,17/06/2000,7,16,18,20,21,44,
2345,17/02/2021,7,16,19,22,28,55,
1707,23/05/2015,7,16,20,27,36,52,
2144,20/04/2019,7,16,21,33,55,60,
1573,12/02/2014,7,16,21,35,36,38,
398,21/09/2002,7,16,22,28,36,37,
2305,03/10/2020,7,16,22,38,55,57,
666,21/05/2005,7,16,26,29,45,55,
403,09/10/2002,7,16,27,31,46,60,
1425,15/09/2012,7,16,29,36,38,50,
1654,19/11/2014,7,16,33,42,50,58,
265,31/03/2001,7,16,34,41,50,53,
2192,26/09/2019,7,16,37,53,57,59,
354,17/04/2002,7,16,38,40,41,52,
1100,15/08/2009,7,17,18,33,41,42,
1345,14/12/2011,7,17,19,26,40,50,
931,31/12/2007,7,17,19,34,36,39,
2230,01/02/2020,7,17,26,39,56,60,
1517,03/08/2013,7,17,38,45,52,56,
2679,23/01/2024,7,18,20,26,38,51,
1552,30/11/2013,7,18,24,26,39,46,
1876,12/11/2016,7,18,39,41,44,51,
2715,20/04/2024,7,19,25,46,50,53,07-17-27-30-38-52
1709,30/05/2015,7,19,30,35,42,47,
1065,15/04/2009,7,19,30,39,43,57,
1996,13/12/2017,7,20,21,24,40,56,
2694,29/02/2024,7,20,22,29,41,58,
352,10/04/2002,7,20,25,44,47,49,
2084,03/10/2018,7,20,26,37,38,39,
445,15/03/2003,7,20,31,32,50,53,
362,18/05/2002,7,20,33,37,46,56,
1590,12/04/2014,7,20,34,40,44,55,
2236,22/02/2020,7,20,38,43,45,53,
897,29/08/2007,7,21,22,43,46,57,
1710,03/06/2015,7,21,28,56,58,59,
718,30/11/2005,7,21,33,35,39,58,
850,17/03/2007,7,22,25,44,59,60,
1839,20/07/2016,7,22,28,32,56,58,
841,10/02/2007,7,22,32,36,38,51,
2261,13/05/2020,7,23,26,27,29,51,
2381,16/06/2021,7,23,32,41,42,47,
335,06/02/2002,7,23,33,43,57,59,
473,21/06/2003,7,23,41,49,51,58,
1652,12/11/2014,7,24,26,28,44,57,
669,01/06/2005,7,24,27,40,41,49,
1655,22/11/2014,7,24,28,46,53,56,
1939,14/06/2017,7,24,29,39,45,52,
2730,28/05/2024,7,24,29,41,46,60,
290,25/08/2001,7,25,26,30,40,57,
2175,03/08/2019,7,25,32,43,53,55,
250,16/12/2000,7,25,41,42,43,55,
2154,25/05/2019,7,25,41,47,50,53,
113,02/05/1998,7,26,28,34,54,55,
2411,22/09/2021,7,26,29,34,43,44,
2496,30/06/2022,7,26,31,38,46,58,
2594,20/05/2023,7,26,32,35,49,55,
2239,04/03/2020,7,27,31,39,45,46,
2657,18/11/2023,7,27,32,33,36,53,
1373,21/03/2012,7,27,39,52,55,57,
215,15/04/2000,7,28,37,46,53,58,
2432,27/11/2021,7,29,38,40,44,52,
2355,24/03/2021,7,30,31,41,50,56,
426,04/01/2003,7,30,32,37,50,54,
45,12/01/1997,7,30,37,44,53,55,
2783,05/10/2024,7,30,38,39,43,54,
1136,19/12/2009,7,31,32,34,37,43,
1607,11/06/2014,7,31,32,41,51,52,
565,22/05/2004,7,31,34,35,37,45,
1520,10/08/2013,7,31,35,36,46,48,
237,16/09/2000,7,31,36,45,56,57,
2370,08/05/2021,7,31,37,42,44,56,
140,07/11/1998,7,31,41,44,46,55,
2169,13/07/2019,7,34,45,51,54,59,
1120,24/10/2009,7,35,40,44,50,55,
2142,13/04/2019,7,40,44,50,52,57,
170,05/06/1999,7,41,46,51,55,58,
,,,,,,,,
2161,19/06/2019,8,9,10,24,42,44,
2060,18/07/2018,8,9,11,25,39,41,
1202,04/08/2010,8,9,11,48,53,60,
1240,15/12/2010,8,9,12,22,42,49,
1310,13/08/2011,8,9,14,32,53,59,
991,30/07/2008,8,9,15,38,41,60,
2486,31/05/2022,8,9,17,19,33,56,
2347,24/02/2021,8,9,17,30,58,60,
818,22/11/2006,8,9,22,25,41,44,
1535,02/10/2013,8,9,25,41,54,55,
1014,18/10/2008,8,9,25,41,57,60,
263,17/03/2001,8,9,26,43,50,53,
349,30/03/2002,8,9,28,32,38,54,
1518,06/08/2013,8,9,28,41,48,55,
2433,01/12/2021,8,9,32,52,53,57,
849,14/03/2007,8,9,39,44,49,58,
1944,01/07/2017,8,9,39,47,57,59,
781,15/07/2006,8,10,13,39,54,56,
2062,25/07/2018,8,10,15,23,25,34,
2121,02/02/2019,8,10,17,29,37,40,
556,21/04/2004,8,10,17,30,33,45,
2010,03/02/2018,8,10,18,34,39,56,
1539,16/10/2013,8,10,20,26,49,58,
2336,20/01/2021,8,10,20,27,28,50,
430,18/01/2003,8,10,21,25,38,50,
2787,19/10/2024,8,10,23,34,36,50,
525,27/12/2003,8,10,24,26,32,49,
154,13/02/1999,8,10,24,33,45,48,
1601,21/05/2014,8,10,24,45,56,60,
677,29/06/2005,8,10,25,32,48,55,
2452,09/02/2022,8,10,51,56,57,58,
1232,17/11/2010,8,11,12,15,18,22,
446,19/03/2003,8,11,12,17,20,47,
2401,18/08/2021,8,11,13,33,38,48,
1281,07/05/2011,8,11,14,30,36,38,
2328,16/12/2020,8,11,14,39,48,53,
1052,28/02/2009,8,11,15,16,52,57,
2461,09/03/2022,8,11,16,21,32,37,
2274,27/06/2020,8,11,17,33,40,55,
2090,23/10/2018,8,11,18,37,40,51,
504,11/10/2003,8,11,19,30,39,50,
2760,10/08/2024,8,11,19,39,47,48,
2431,24/11/2021,8,11,22,25,26,36,
470,11/06/2003,8,11,23,37,51,58,
1975,07/10/2017,8,11,24,26,47,57,
1815,05/05/2016,8,11,25,39,41,60,
1900,04/02/2017,8,11,27,28,43,46,
2012,08/02/2018,8,11,27,35,36,51,
864,05/05/2007,8,11,31,33,42,57,
619,27/11/2004,8,12,14,16,19,46,
2495,28/06/2022,8,12,14,30,33,41,
690,13/08/2005,8,12,15,41,47,53,
1559,21/12/2013,8,12,16,29,37,58,
557,24/04/2004,8,12,18,23,38,49,
698,14/09/2005,8,12,22,27,43,55,
1602,24/05/2014,8,12,22,35,40,44,
64,25/05/1997,8,12,23,50,54,60,
982,28/06/2008,8,12,24,40,43,49,
528,10/01/2004,8,12,28,31,34,37,
2406,04/09/2021,8,12,29,43,54,60,
1411,01/08/2012,8,12,32,44,46,48,
2765,22/08/2024,8,12,34,39,43,47,
964,26/04/2008,8,13,20,26,33,42,
549,27/03/2004,8,13,22,46,51,58,
728,11/01/2006,8,13,24,32,42,44,
2510,13/08/2022,8,13,25,32,44,57,
1316,03/09/2011,8,13,25,34,42,48,
2153,22/05/2019,8,13,28,31,32,33,
2642,07/10/2023,8,13,31,33,49,50,
2674,11/01/2024,8,14,15,21,23,46,
486,06/08/2003,8,14,19,30,42,50,
933,09/01/2008,8,14,25,39,45,51,
2093,31/10/2018,8,14,27,34,52,54,
1279,30/04/2011,8,14,29,35,36,40,08-14-31-36-50-55
2720,04/05/2024,8,15,16,23,42,43,
459,03/05/2003,8,15,17,39,43,49,
1836,12/07/2016,8,15,18,45,59,60,
142,21/11/1998,8,15,19,20,54,59,
324,22/12/2001,8,15,22,25,30,47,
1753,21/10/2015,8,15,29,35,45,54,
495,06/09/2003,8,15,29,36,49,60,
2148,04/05/2019,8,15,32,33,58,59,
418,30/11/2002,8,15,32,45,49,52,
2194,02/10/2019,8,16,20,21,31,34,
628,05/01/2005,8,16,22,30,56,58,
1128,21/11/2009,8,16,24,39,52,60,
691,17/08/2005,8,16,37,50,55,58,
76,17/08/1997,8,17,18,23,33,53,
1187,12/06/2010,8,17,19,40,43,49,
2398,10/08/2021,8,17,30,36,54,59,
2278,11/07/2020,8,17,34,37,43,45,
1660,10/12/2014,8,17,34,38,42,51,
988,19/07/2008,8,17,46,48,56,60,
2516,03/09/2022,8,17,49,51,52,53,
2163,26/06/2019,8,18,20,24,36,45,
1851,27/08/2016,8,18,21,22,35,37,
467,31/05/2003,8,18,21,22,38,60,
1330,22/10/2011,8,18,21,30,48,49,
1645,18/10/2014,8,18,21,31,37,38,
2074,01/09/2018,8,18,23,37,42,58,
2570,04/03/2023,8,18,26,27,47,50,
94,21/12/1997,8,18,28,51,52,55,
61,04/05/1997,8,18,29,42,44,59,
1587,02/04/2014,8,19,21,30,52,56,
1344,10/12/2011,8,19,21,36,42,59,
2527,08/10/2022,8,19,29,38,48,56,
1303,23/07/2011,8,19,46,51,52,54,
1118,17/10/2009,8,20,21,43,44,55,
453,12/04/2003,8,20,23,34,52,58,
635,29/01/2005,8,20,26,37,42,49,
1969,19/09/2017,8,20,30,32,48,59,
1664,24/12/2014,8,21,23,29,36,48,
2338,26/01/2021,8,21,23,34,42,47,
1998,19/12/2017,8,21,24,25,52,57,
1959,16/08/2017,8,21,27,35,43,56,
870,26/05/2007,8,21,34,40,43,52,
487,09/08/2003,8,22,25,48,52,54,
1499,01/06/2013,8,22,26,33,37,54,
423,18/12/2002,8,22,32,33,40,53,
1299,09/07/2011,8,22,32,43,53,56,
2645,17/10/2023,8,22,34,42,51,59,
925,05/12/2007,8,22,36,37,46,52,
577,03/07/2004,8,23,24,28,31,47,
2176,06/08/2019,8,23,25,39,43,44,
1635,13/09/2014,8,23,28,30,32,51,
2471,13/04/2022,8,23,29,30,36,55,
1697,22/04/2015,8,23,30,51,53,58,
624,15/12/2004,8,23,34,39,43,52,
1934,27/05/2017,8,23,35,39,56,59,
410,02/11/2002,8,24,31,36,38,55,
2749,16/07/2024,8,25,27,38,43,44,
1073,13/05/2009,8,25,32,34,36,44,
2807,12/12/2024,8,25,49,52,55,56,
1843,03/08/2016,8,26,28,33,41,54,
2387,03/07/2021,8,26,30,31,38,48,
2634,19/09/2023,8,27,28,32,48,56,
1651,08/11/2014,8,27,35,38,41,44,
163,17/04/1999,8,27,36,41,53,56,
784,26/07/2006,8,27,37,42,53,56,
245,11/11/2000,8,27,44,51,53,60,
428,11/01/2003,8,28,30,32,46,60,
2219,21/12/2019,8,28,36,45,57,59,
1835,09/07/2016,8,28,36,47,50,58,
2388,07/07/2021,8,30,33,37,45,48,
1283,14/05/2011,8,30,40,44,59,60,
2050,16/06/2018,8,31,32,33,38,50,
144,05/12/1998,8,32,36,44,45,55,
2470,09/04/2022,8,33,40,42,48,51,
1947,08/07/2017,8,33,40,52,55,59,
2509,10/08/2022,8,37,39,50,59,60,
2107,15/12/2018,8,38,44,50,56,60,
1586,29/03/2014,8,39,43,46,47,58,
1427,22/09/2012,8,39,44,47,53,56,
230,29/07/2000,8,40,41,44,53,56,
9,06/05/1996,8,43,54,55,56,60,
,,,,,,,,
2721,07/05/2024,9,10,11,25,46,48,
340,27/02/2002,9,10,12,33,42,60,
1903,15/02/2017,9,10,15,28,43,45,
1739,05/09/2015,9,10,17,32,34,46,
1882,03/12/2016,9,10,19,35,37,41,
1094,25/07/2009,9,10,21,36,41,48,
1634,10/09/2014,9,10,23,33,44,51,
272,19/05/2001,9,10,24,36,56,58,
381,24/07/2002,9,10,28,46,55,56,
2256,29/04/2020,9,10,30,37,47,54,
2766,24/08/2024,9,10,34,36,38,44,
2625,26/08/2023,9,10,35,44,55,58,
1761,14/11/2015,9,10,36,50,53,55,
1943,28/06/2017,9,11,12,30,39,43,
1813,30/04/2016,9,11,13,15,19,51,
2177,08/08/2019,9,11,14,31,48,51,
159,20/03/1999,9,11,16,35,50,58,
1678,14/02/2015,9,11,17,19,35,52,
1376,31/03/2012,9,11,21,49,53,54,
1207,21/08/2010,9,11,22,32,35,56,
1292,15/06/2011,9,11,23,30,31,54,
1102,22/08/2009,9,11,23,35,46,51,
1814,03/05/2016,9,11,27,46,51,53,
2309,17/10/2020,9,11,29,30,33,60,
1744,23/09/2015,9,12,14,29,42,56,
1763,21/11/2015,9,12,15,21,31,36,
520,06/12/2003,9,12,17,32,34,35,
1684,07/03/2015,9,12,18,31,39,50,
1230,10/11/2010,9,12,19,22,35,37,
2559,28/01/2023,9,12,20,30,32,35,
762,10/05/2006,9,12,21,37,39,54,
1429,29/09/2012,9,12,22,39,48,60,
1809,16/04/2016,9,12,23,24,46,54,
914,27/10/2007,9,12,23,33,45,51,
2498,06/07/2022,9,12,26,29,46,47,
859,18/04/2007,9,12,34,46,47,57,
238,23/09/2000,9,13,15,37,41,42,
1940,17/06/2017,9,13,16,17,36,47,
1745,26/09/2015,9,13,18,47,52,60,
2390,14/07/2021,9,13,20,22,32,56,
497,13/09/2003,9,13,20,32,41,58,
1550,23/11/2013,9,13,21,27,36,56,
2384,26/06/2021,9,13,22,25,26,31,
2588,03/05/2023,9,13,22,31,57,58,
2565,16/02/2023,9,13,25,39,46,54,
2308,14/10/2020,9,13,26,38,58,60,
791,19/08/2006,9,14,19,35,42,58,
1480,27/03/2013,9,14,21,26,36,52,
2454,16/02/2022,9,14,22,24,44,47,
282,28/07/2001,9,14,23,24,33,36,
1686,14/03/2015,9,14,37,44,46,55,
519,03/12/2003,9,15,19,22,36,42,
2248,01/04/2020,9,15,20,29,30,42,
2294,29/08/2020,9,15,20,33,41,43,
2548,14/12/2022,9,15,23,25,29,30,
813,04/11/2006,9,15,23,45,46,56,
676,25/06/2005,9,15,32,41,42,49,
735,04/02/2006,9,15,38,40,42,52,
2689,17/02/2024,9,16,20,47,48,52,
1972,27/09/2017,9,16,20,54,57,59,
184,11/09/1999,9,16,21,34,41,60,
1081,10/06/2009,9,16,24,29,52,56,
671,08/06/2005,9,16,27,38,39,51,
2333,09/01/2021,9,16,31,41,53,55,
2685,06/02/2024,9,16,31,46,47,51,
2412,25/09/2021,9,16,34,36,49,60,
696,03/09/2005,9,16,34,37,53,57,
419,04/12/2002,9,16,41,42,52,53,
997,20/08/2008,9,17,18,32,53,55,
1069,29/04/2009,9,17,28,45,49,53,
2352,13/03/2021,9,17,38,41,49,55,
2185,04/09/2019,9,18,19,22,42,47,
1072,09/05/2009,9,18,19,43,47,54,
2335,16/01/2021,9,18,23,42,47,49,
1352,07/01/2012,9,18,24,35,36,59,
2650,28/10/2023,9,18,29,37,39,58,
2571,08/03/2023,9,18,33,38,41,51,
722,14/12/2005,9,18,36,44,57,60,
1349,24/12/2011,9,19,20,50,51,60,
1605,04/06/2014,9,19,21,30,31,42,
2622,19/08/2023,9,19,22,24,50,60,
1243,22/12/2010,9,19,23,29,32,57,
2228,25/01/2020,9,19,23,32,39,45,
815,11/11/2006,9,19,37,39,50,57,
1347,20/12/2011,9,19,45,46,54,56,
1090,11/07/2009,9,20,24,36,40,42,
1618,19/07/2014,9,20,24,43,51,52,
1188,16/06/2010,9,20,44,52,59,60,
1061,01/04/2009,9,21,23,30,41,56,
2400,14/08/2021,9,21,25,26,36,53,
90,23/11/1997,9,21,26,40,52,54,
2286,05/08/2020,9,21,30,41,42,43,
1952,26/07/2017,9,21,36,38,52,53,
2300,17/09/2020,9,21,37,39,43,54,
118,06/06/1998,9,22,25,37,56,57,
1897,25/01/2017,9,22,25,47,52,58,
2536,05/11/2022,9,22,27,30,33,45,
1134,12/12/2009,9,22,29,36,51,56,
552,07/04/2004,9,22,47,49,52,54,
2713,16/04/2024,9,23,25,26,35,58,
2135,20/03/2019,9,23,28,40,48,59,
838,31/01/2007,9,23,30,38,44,47,
623,11/12/2004,9,23,30,42,49,55,
2699,12/03/2024,9,23,31,49,54,58,
1600,17/05/2014,9,23,32,35,46,57,
1722,11/07/2015,9,23,39,41,49,58,
1331,26/10/2011,9,24,26,39,46,57,
2172,24/07/2019,9,24,28,37,43,57,
2097,14/11/2018,9,24,28,45,49,51,
1156,24/02/2010,9,24,31,44,48,49,
649,23/03/2005,9,24,33,41,48,54,
2263,20/05/2020,9,24,33,43,49,57,
2641,05/10/2023,9,24,34,39,45,50,
1018,01/11/2008,9,24,44,51,55,58,
63,18/05/1997,9,25,26,40,41,49,
1954,02/08/2017,9,25,33,35,40,49,
1953,29/07/2017,9,26,29,42,43,45,
1400,23/06/2012,9,26,34,43,53,54,
301,03/10/2001,9,26,48,49,57,58,
2158,08/06/2019,9,27,35,45,46,59,
1985,07/11/2017,9,28,29,34,36,55,
1139,26/12/2009,9,28,31,36,37,42,
2690,20/02/2024,9,28,33,43,45,55,
792,23/08/2006,9,29,34,43,45,56,
1157,27/02/2010,9,29,41,43,46,49,
975,04/06/2008,9,30,33,37,40,41,
2638,28/09/2023,9,30,34,44,54,55,
2647,21/10/2023,9,33,39,43,50,54,
2692,24/02/2024,9,33,45,55,56,59,
1923,22/04/2017,9,34,42,45,46,59,
907,03/10/2007,9,36,37,41,51,53,
1752,17/10/2015,9,36,37,53,55,60,
2,18/03/1996,9,37,39,41,43,49,
1141,02/01/2010,9,37,40,50,58,60,
1848,17/08/2016,9,40,41,50,55,58,
2441,05/01/2022,9,41,42,46,47,54,
,,,,,,,,
2708,04/04/2024,10,11,12,19,23,28,
329,16/01/2002,10,11,12,24,35,40,
2091,25/10/2018,10,11,12,37,38,59,
2697,07/03/2024,10,11,13,25,27,42,
1044,31/01/2009,10,11,13,35,39,58,
1776,02/01/2016,10,11,14,19,39,48,
395,11/09/2002,10,11,14,20,31,58,
941,06/02/2008,10,11,15,27,53,60,
2187,11/09/2019,10,11,16,21,46,50,
2141,10/04/2019,10,11,17,19,37,41,
2706,30/03/2024,10,11,17,24,30,45,
435,05/02/2003,10,11,17,31,37,43,
1326,08/10/2011,10,11,18,19,30,50,
2567,23/02/2023,10,11,19,33,58,60,
1190,23/06/2010,10,11,19,37,53,56,
2591,11/05/2023,10,11,21,23,28,30,
1825,07/06/2016,10,11,21,50,51,54,
786,02/08/2006,10,11,26,27,31,41,
3,25/03/1996,10,11,29,30,36,47,
638,12/02/2005,10,11,36,41,42,50,
2072,25/08/2018,10,12,13,20,22,54,
2403,25/08/2021,10,12,14,32,33,34,
344,13/03/2002,10,12,14,33,35,36,
1549,20/11/2013,10,12,16,20,32,53,
2180,17/08/2019,10,12,16,21,28,38,
1075,20/05/2009,10,12,16,21,39,53,
2041,16/05/2018,10,12,22,25,42,54,
1562,04/01/2014,10,12,23,37,47,51,
2415,02/10/2021,10,12,26,29,35,60,
367,05/06/2002,10,12,27,33,49,52,
411,06/11/2002,10,12,31,38,45,56,
1041,21/01/2009,10,12,36,44,54,57,
2678,20/01/2024,10,13,16,18,37,54,
1644,15/10/2014,10,13,16,22,34,60,
1966,09/09/2017,10,13,19,32,40,60,
564,19/05/2004,10,13,20,32,38,49,
2057,07/07/2018,10,13,20,37,38,54,
2672,06/01/2024,10,13,20,40,43,56,
1364,18/02/2012,10,13,20,40,44,53,
141,14/11/1998,10,13,22,41,42,58,
634,26/01/2005,10,13,24,41,42,56,
1241,18/12/2010,10,13,25,26,28,45,
376,06/07/2002,10,13,25,35,43,48,
400,28/09/2002,10,13,28,29,54,59,
594,01/09/2004,10,13,29,47,53,55,
646,12/03/2005,10,13,32,47,49,60,
1912,15/03/2017,10,13,33,35,36,42,
2453,12/02/2022,10,14,15,24,34,44,
2217,17/12/2019,10,14,16,30,32,36,
2532,22/10/2022,10,14,17,18,23,30,
2582,12/04/2023,10,14,17,19,21,34,
2593,17/05/2023,10,14,17,25,32,39,10-14-19-22-27-44
1261,26/02/2011,10,14,22,41,42,53,
1662,17/12/2014,10,14,25,29,33,57,
172,19/06/1999,10,14,26,35,36,49,
1987,11/11/2017,10,14,31,34,45,58,
829,31/12/2006,10,14,32,47,50,56,
2064,01/08/2018,10,14,36,53,55,60,
1296,29/06/2011,10,14,43,46,49,53,
2754,27/07/2024,10,14,44,55,56,58,
1921,15/04/2017,10,15,16,19,28,35,
2479,07/05/2022,10,15,17,20,21,35,
278,30/06/2001,10,15,18,22,31,55,
2623,22/08/2023,10,15,20,35,37,59,
2360,08/04/2021,10,15,21,24,29,45,
350,03/04/2002,10,15,23,30,43,57,
1740,09/09/2015,10,15,25,38,47,53,
1285,21/05/2011,10,15,28,31,33,38,
1677,11/02/2015,10,15,28,33,51,52,
2174,31/07/2019,10,15,34,36,56,60,
834,17/01/2007,10,16,17,34,44,51,
1235,27/11/2010,10,16,20,26,49,55,
1095,29/07/2009,10,16,21,23,27,36,
1932,20/05/2017,10,16,21,29,44,55,
2326,10/12/2020,10,16,27,34,36,57,
1530,14/09/2013,10,16,28,33,48,53,
1526,31/08/2013,10,16,28,47,51,59,
1938,10/06/2017,10,16,32,40,42,54,
2769,31/08/2024,10,16,35,46,49,60,
199,24/12/1999,10,16,37,50,52,57,
820,29/11/2006,10,17,21,32,45,46,
273,26/05/2001,10,17,23,27,47,52,
750,29/03/2006,10,17,33,42,54,58,
652,02/04/2005,10,18,20,24,56,57,
1500,05/06/2013,10,18,31,43,57,59,
2033,20/04/2018,10,18,33,38,40,43,
2586,26/04/2023,10,18,41,49,53,59,
496,10/09/2003,10,19,20,29,41,59,
601,25/09/2004,10,19,22,29,30,37,
165,01/05/1999,10,19,23,35,39,56,
867,16/05/2007,10,19,26,28,44,54,
2048,09/06/2018,10,19,26,35,38,39,
2049,13/06/2018,10,19,27,31,51,53,
513,12/11/2003,10,19,27,33,39,46,
1103,26/08/2009,10,19,28,41,55,56,
2457,24/02/2022,10,19,46,47,49,50,
1083,17/06/2009,10,20,23,28,42,43,
2681,27/01/2024,10,20,30,42,47,53,
211,18/03/2000,10,20,33,40,45,50,
874,09/06/2007,10,20,42,44,52,59,
2170,17/07/2019,10,21,24,36,38,51,
1368,03/03/2012,10,21,26,29,32,38,
825,16/12/2006,10,21,28,40,41,47,
1950,19/07/2017,10,21,32,34,48,57,
1322,24/09/2011,10,21,43,47,53,55,
2277,08/07/2020,10,22,23,37,53,60,
1621,30/07/2014,10,22,24,38,39,49,
2080,20/09/2018,10,22,40,46,55,58,
26,01/09/1996,10,22,50,53,57,58,
1328,15/10/2011,10,23,27,43,53,59,
1218,29/09/2010,10,23,29,31,33,46,
2655,11/11/2023,10,23,30,31,49,56,
2026,28/03/2018,10,23,31,33,51,52,
2266,30/05/2020,10,23,31,37,58,59,
2610,12/07/2023,10,23,34,53,55,57,
1228,03/11/2010,10,23,36,50,52,60,
81,21/09/1997,10,23,41,47,54,60,
650,26/03/2005,10,24,25,29,53,59,
1760,13/11/2015,10,24,25,36,47,48,
2808,14/12/2024,10,24,33,35,41,46,
2216,14/12/2019,10,24,42,43,48,49,
2744,02/07/2024,10,25,26,33,34,38,
1215,18/09/2010,10,25,30,47,50,51,
2547,10/12/2022,10,25,31,37,38,57,
1471,23/02/2013,10,25,33,36,40,58,
236,09/09/2000,10,25,50,52,57,60,
1928,09/05/2017,10,26,28,51,53,59,
1025,26/11/2008,10,27,28,29,40,52,
1036,03/01/2009,10,27,36,39,41,52,
1478,20/03/2013,10,27,37,40,47,55,
1140,31/12/2009,10,27,40,46,49,58,
879,27/06/2007,10,28,29,35,42,46,
811,28/10/2006,10,28,32,41,47,57,
1874,08/11/2016,10,28,37,43,44,47,
2541,22/11/2022,10,28,45,47,57,59,
817,18/11/2006,10,29,30,34,43,52,
2492,18/06/2022,10,30,31,33,42,52,
1860,24/09/2016,10,30,36,40,44,60,
2781,01/10/2024,10,31,35,45,50,55,
2425,03/11/2021,10,31,38,46,49,54,
1226,27/10/2010,10,31,40,50,55,56,
1119,21/10/2009,10,34,41,44,45,54,
772,14/06/2006,10,35,38,51,52,60,
2419,16/10/2021,10,35,43,48,50,53,
1246,05/01/2011,10,37,40,43,57,59,
38,24/11/1996,10,42,43,45,54,55,
1321,21/09/2011,10,47,51,53,59,60,
,,,,,,,,
647,16/03/2005,11,12,14,19,54,56,
2118,23/01/2019,11,12,20,40,41,46,
737,11/02/2006,11,12,24,32,33,38,
253,06/01/2001,11,12,24,37,44,56,
1401,27/06/2012,11,12,25,33,48,54,
1901,08/02/2017,11,12,26,30,37,53,
1287,28/05/2011,11,12,31,33,42,52,
878,23/06/2007,11,12,37,38,43,54,
1692,04/04/2015,11,13,14,27,44,56,
2092,27/10/2018,11,13,15,17,22,27,
2105,08/12/2018,11,13,16,24,31,46,
2386,01/07/2021,11,13,16,35,49,50,
2331,02/01/2021,11,13,16,36,53,57,
274,02/06/2001,11,13,18,26,39,47,
229,22/07/2000,11,13,21,33,39,45,
1698,25/04/2015,11,13,24,28,44,45,
1872,03/11/2016,11,13,25,39,46,56,
1790,13/02/2016,11,13,26,27,28,50,
1170,14/04/2010,11,13,27,34,46,49,
586,04/08/2004,11,13,38,39,45,54,
812,01/11/2006,11,13,38,39,54,57,
588,11/08/2004,11,13,45,46,53,55,
2245,21/03/2020,11,14,15,18,33,34,
1318,10/09/2011,11,14,16,28,34,46,
2602,17/06/2023,11,14,16,30,32,46,
1521,14/08/2013,11,14,18,30,33,39,
2113,09/01/2019,11,14,21,25,46,50,
1176,05/05/2010,11,14,21,30,33,49,
1577,26/02/2014,11,14,25,32,51,59,
596,08/09/2004,11,14,28,43,54,60,
2484,25/05/2022,11,14,36,41,54,59,
1529,11/09/2013,11,15,17,34,35,49,
2392,21/07/2021,11,15,23,25,34,53,
2200,22/10/2019,11,15,28,36,43,55,
2027,31/03/2018,11,15,29,37,39,44,
856,07/04/2007,11,15,40,41,42,47,
2490,11/06/2022,11,16,17,41,46,59,
243,28/10/2000,11,16,20,23,32,47,
2380,12/06/2021,11,16,20,24,39,53,
2162,22/06/2019,11,16,22,30,34,42,
1394,02/06/2012,11,16,24,35,46,50,
2128,26/02/2019,11,16,24,46,54,55,
399,25/09/2002,11,16,27,47,55,59,
466,28/05/2003,11,16,28,29,30,45,
452,09/04/2003,11,16,30,36,51,54,
2463,16/03/2022,11,16,31,37,42,51,
122,04/07/1998,11,17,20,39,43,53,
2654,09/11/2023,11,17,23,36,47,51,
2210,23/11/2019,11,17,24,25,33,34,
2736,13/06/2024,11,17,24,26,35,43,
1355,18/01/2012,11,17,24,39,46,49,
2344,13/02/2021,11,17,25,38,52,57,
443,08/03/2003,11,17,26,36,48,52,
544,10/03/2004,11,17,33,34,47,56,
1080,06/06/2009,11,18,20,34,41,56,
322,15/12/2001,11,18,29,44,47,56,
692,20/08/2005,11,18,33,57,58,60,
401,02/10/2002,11,18,43,44,50,53,
637,05/02/2005,11,18,43,48,52,58,
801,23/09/2006,11,19,20,22,42,48,
1742,16/09/2015,11,19,21,23,27,52,
2005,17/01/2018,11,19,22,33,34,53,
203,22/01/2000,11,19,29,44,47,55,
2499,09/07/2022,11,19,38,47,56,59,
1098,08/08/2009,11,20,21,30,50,52,
2237,27/02/2020,11,20,27,28,53,60,
1806,06/04/2016,11,20,35,42,55,58,
262,10/03/2001,11,20,48,53,58,60,
2724,14/05/2024,11,21,24,26,42,54,
688,06/08/2005,11,21,30,35,47,52,
174,03/07/1999,11,22,23,36,52,59,
2018,28/02/2018,11,22,25,27,55,59,
1625,09/08/2014,11,22,36,40,45,52,
345,16/03/2002,11,22,46,51,56,58,
1869,22/10/2016,11,23,24,26,40,52,
1887,20/12/2016,11,23,34,41,46,56,
2566,18/02/2023,11,23,45,53,57,59,
1990,22/11/2017,11,24,26,34,37,59,
99,25/01/1998,11,24,30,33,46,60,
20,22/07/1996,11,25,28,30,33,51,
2445,19/01/2022,11,25,32,37,47,56,
1770,16/12/2015,11,26,27,30,34,41,
227,08/07/2000,11,26,27,37,42,48,
1258,16/02/2011,11,26,47,55,57,59,
1381,18/04/2012,11,27,30,40,44,57,
2501,16/07/2022,11,27,32,40,58,59,
1512,17/07/2013,11,28,35,42,46,58,
1919,08/04/2017,11,28,37,45,54,60,
2202,26/10/2019,11,29,37,38,43,60,
2693,27/02/2024,11,29,44,45,46,50,
241,14/10/2000,11,31,35,40,56,57,
567,29/05/2004,11,31,38,41,57,58,
2629,05/09/2023,11,32,35,40,41,48,
1242,20/12/2010,11,34,45,48,51,54,
2238,29/02/2020,11,36,45,55,57,58,
2659,23/11/2023,11,36,46,53,55,60,
2378,05/06/2021,11,37,38,41,49,54,
2429,17/11/2021,11,37,53,55,56,60,
1909,04/03/2017,11,40,43,45,47,57,
,,,,,,,,
571,12/06/2004,12,13,14,31,50,51,
66,08/06/1997,12,13,15,26,33,48,
2171,20/07/2019,12,13,19,36,44,55,
922,24/11/2007,12,13,19,41,45,49,
1442,14/11/2012,12,13,20,30,34,49,
166,08/05/1999,12,13,22,57,59,60,
1736,26/08/2015,12,13,24,29,32,41,
1531,18/09/2013,12,13,24,41,42,44,
2374,22/05/2021,12,13,25,37,39,41,
482,23/07/2003,12,13,33,53,54,56,
1475,09/03/2013,12,13,37,44,48,51,
2376,29/05/2021,12,14,17,18,19,22,
67,15/06/1997,12,14,17,27,47,52,
1976,11/10/2017,12,14,19,25,52,59,
2329,19/12/2020,12,14,28,42,45,55,
2260,09/05/2020,12,14,34,35,37,47,
1055,11/03/2009,12,15,16,20,27,32,
2664,05/12/2023,12,15,17,30,40,52,
1904,18/02/2017,12,15,18,21,51,56,
2073,29/08/2018,12,15,18,30,52,55,
200,31/12/1999,12,15,19,34,44,51,
2440,31/12/2021,12,15,23,32,33,46,
1001,03/09/2008,12,15,27,37,51,60,
1980,21/10/2017,12,16,17,18,34,37,
319,05/12/2001,12,16,17,19,23,48,
978,14/06/2008,12,16,18,27,42,58,
769,03/06/2006,12,16,20,21,29,50,
974,31/05/2008,12,16,20,31,38,45,
630,12/01/2005,12,16,20,45,53,60,
1878,19/11/2016,12,16,26,40,56,57,
740,22/02/2006,12,16,28,29,47,50,
1924,26/04/2017,12,16,30,52,53,58,
614,10/11/2004,12,16,31,48,57,60,
39,01/12/1996,12,16,37,45,52,56,
757,22/04/2006,12,17,18,30,32,58,
1129,25/11/2009,12,17,19,32,47,55,
358,04/05/2002,12,17,21,32,40,42,
1647,25/10/2014,12,17,23,38,53,54,
1734,19/08/2015,12,17,25,29,41,52,
2688,15/02/2024,12,17,33,41,46,54,
218,06/05/2000,12,17,40,42,47,54,
2574,16/03/2023,12,17,43,44,48,60,
760,03/05/2006,12,17,44,45,46,60,
2186,09/09/2019,12,18,19,27,41,46,
2577,25/03/2023,12,18,22,31,44,50,
1472,27/02/2013,12,18,23,25,45,50,
1277,23/04/2011,12,18,31,50,59,60,
1791,17/02/2016,12,18,46,50,53,55,
1772,22/12/2015,12,19,27,39,41,45,
640,19/02/2005,12,19,42,46,59,60,
2542,24/11/2022,12,20,22,25,26,55,
1948,12/07/2017,12,20,24,28,33,57,
1443,17/11/2012,12,20,32,48,52,54,
112,25/04/1998,12,20,34,37,42,43,
315,21/11/2001,12,21,22,28,43,50,
2085,06/10/2018,12,21,25,37,38,49,
2205,06/11/2019,12,21,28,37,42,57,
2304,30/09/2020,12,21,29,54,56,57,
1085,24/06/2009,12,21,39,40,50,55,
551,03/04/2004,12,21,46,48,56,57,
2709,06/04/2024,12,22,23,24,47,53,
78,31/08/1997,12,22,25,31,32,46,
2053,27/06/2018,12,22,27,37,40,55,
2537,09/11/2022,12,24,26,31,37,48,
2385,29/06/2021,12,24,32,37,43,60,
625,18/12/2004,12,24,32,40,42,59,
585,31/07/2004,12,24,33,36,39,57,
202,15/01/2000,12,24,44,45,49,53,
1779,12/01/2016,12,25,30,39,56,57,
302,06/10/2001,12,25,30,40,41,60,
2291,19/08/2020,12,26,31,36,37,49,
41,15/12/1996,12,26,35,38,39,47,
1132,05/12/2009,12,27,30,33,52,55,
2282,22/07/2020,12,27,30,36,45,52,
58,13/04/1997,12,27,30,37,44,49,
1366,25/02/2012,12,27,37,44,54,59,
775,24/06/2006,12,27,42,46,47,50,
1738,02/09/2015,12,28,37,46,48,53,
1386,05/05/2012,12,28,38,39,51,56,
420,07/12/2002,12,29,30,43,57,59,
155,20/02/1999,12,30,32,35,43,44,
1229,06/11/2010,12,30,32,40,49,60,
1180,19/05/2010,12,30,34,44,57,60,
1706,20/05/2015,12,31,34,36,48,56,
720,07/12/2005,12,31,44,51,54,56,
285,08/08/2001,12,32,37,41,50,56,
1346,17/12/2011,12,32,40,47,48,59,
2332,06/01/2021,12,33,35,36,44,52,
15,17/06/1996,12,33,35,51,52,60,
1898,28/01/2017,12,34,45,53,55,58,
422,14/12/2002,12,37,43,55,56,60,
150,16/01/1999,12,44,50,52,54,55,
,,,,,,,,
123,11/07/1998,13,14,16,26,32,42,
693,24/08/2005,13,14,17,31,41,50,
1054,07/03/2009,13,14,18,27,41,60,
1793,24/02/2016,13,14,22,54,56,58,
1238,08/12/2010,13,14,24,39,40,45,
2222,08/01/2020,13,14,29,30,48,59,
98,18/01/1998,13,14,31,33,35,43,
220,20/05/2000,13,14,36,53,55,60,
592,25/08/2004,13,14,42,47,55,59,
2383,23/06/2021,13,15,16,20,40,41,
34,27/10/1996,13,15,17,40,53,57,
877,20/06/2007,13,15,20,28,31,36,
259,17/02/2001,13,15,20,33,43,58,
1576,22/02/2014,13,15,21,26,30,46,
2691,22/02/2024,13,15,28,37,40,57,
1413,07/08/2012,13,15,33,45,54,55,
2553,10/01/2023,13,15,53,54,55,58,
307,24/10/2001,13,16,17,26,41,44,
2740,22/06/2024,13,16,17,34,41,47,
1403,04/07/2012,13,16,20,26,39,42,
1877,16/11/2016,13,16,23,24,32,35,
2077,12/09/2018,13,16,26,35,37,39,
1661,13/12/2014,13,16,27,43,48,58,
901,12/09/2007,13,16,32,33,34,56,
2795,09/11/2024,13,16,33,43,46,55,
2130,02/03/2019,13,16,36,53,54,55,
228,15/07/2000,13,16,40,43,45,59,
833,13/01/2007,13,16,46,53,57,58,
27,08/09/1996,13,17,20,33,44,51,
2298,12/09/2020,13,17,21,31,41,49,
1274,13/04/2011,13,17,21,39,40,59,
568,02/06/2004,13,17,22,25,29,41,
761,06/05/2006,13,17,27,29,40,56,
2310,20/10/2020,13,17,28,29,42,53,
1852,31/08/2016,13,17,29,45,49,50,
2407,08/09/2021,13,17,31,43,54,55,
533,28/01/2004,13,18,21,27,53,59,
1042,24/01/2009,13,18,25,30,46,51,
1536,05/10/2013,13,18,29,32,50,58,
2081,22/09/2018,13,18,35,40,41,42,
359,08/05/2002,13,19,20,29,31,54,
2513,24/08/2022,13,19,21,35,46,50,
1265,12/03/2011,13,19,24,46,50,60,
1273,09/04/2011,13,19,26,40,58,60,
2447,25/01/2022,13,19,29,42,49,52,
2120,30/01/2019,13,20,24,25,38,41,
1603,28/05/2014,13,20,27,31,53,60,
439,19/02/2003,13,20,29,42,43,57,
469,07/06/2003,13,21,26,29,42,47,
209,04/03/2000,13,21,26,32,41,52,
1533,25/09/2013,13,21,29,34,47,57,
1340,26/11/2011,13,21,30,36,59,60,
1463,26/01/2013,13,22,28,29,40,48,
380,20/07/2002,13,22,30,31,47,57,
292,01/09/2001,13,23,24,34,45,53,
1857,17/09/2016,13,23,25,35,52,53,
2652,04/11/2023,13,23,26,29,45,59,
1620,26/07/2014,13,23,27,34,38,57,
458,30/04/2003,13,24,32,34,43,53,
2743,29/06/2024,13,25,27,30,37,53,
1757,04/11/2015,13,25,28,37,43,56,
2627,31/08/2023,13,25,31,43,57,58,
969,14/05/2008,13,25,35,41,50,56,
1272,06/04/2011,13,26,27,28,35,52,
2183,28/08/2019,13,26,30,34,43,51,
2451,05/02/2022,13,26,31,46,51,60,
987,16/07/2008,13,27,31,34,47,58,
221,27/05/2000,13,27,43,50,54,58,
541,28/02/2004,13,27,49,52,57,58,
368,08/06/2002,13,29,32,38,44,50,
130,29/08/1998,13,29,38,42,49,53,
582,21/07/2004,13,29,40,45,51,59,
1967,13/09/2017,13,30,32,39,46,54,
1351,04/01/2012,13,33,36,41,50,56,
89,16/11/1997,13,34,42,44,55,59,
639,16/02/2005,13,35,39,45,51,60,
,,,,,,,,
536,07/02/2004,14,15,22,23,25,37,
1581,12/03/2014,14,15,25,30,31,34,
738,15/02/2006,14,15,26,30,42,54,
847,07/03/2007,14,15,27,42,44,48,
1298,06/07/2011,14,15,30,53,55,60,
2123,09/02/2019,14,15,47,50,56,59,
1951,22/07/2017,14,16,19,21,33,55,
2037,05/05/2018,14,16,23,30,45,60,
313,14/11/2001,14,16,24,37,38,53,
2270,13/06/2020,14,16,38,39,41,48,
2530,18/10/2022,14,17,18,28,30,44,
1614,05/07/2014,14,17,21,27,43,49,
2747,10/07/2024,14,17,24,28,36,45,
581,17/07/2004,14,17,25,30,39,52,
2581,08/04/2023,14,17,32,36,39,60,
1866,15/10/2016,14,17,36,38,44,60,
2630,09/09/2023,14,18,22,26,31,38,
2243,14/03/2020,14,18,28,35,38,54,
1496,22/05/2013,14,18,28,41,47,54,
44,05/01/1997,14,18,29,38,44,47,
216,22/04/2000,14,18,30,35,42,59,
2235,19/02/2020,14,18,30,35,55,57,
845,28/02/2007,14,19,20,40,48,52,
2779,26/09/2024,14,19,32,44,51,54,
1012,11/10/2008,14,19,40,47,55,58,
2449,29/01/2022,14,20,21,31,49,52,
2733,06/06/2024,14,20,21,39,44,56,
2265,27/05/2020,14,20,23,39,46,50,
1152,10/02/2010,14,20,29,36,44,47,
2361,10/04/2021,14,21,22,29,35,46,
1043,28/01/2009,14,21,25,48,51,60,
795,02/09/2006,14,21,26,29,36,48,
1189,19/06/2010,14,21,27,31,35,50,
771,10/06/2006,14,21,29,34,46,47,
2767,27/08/2024,14,21,42,47,50,59,
2042,19/05/2018,14,22,29,32,33,35,
383,31/07/2002,14,22,48,50,53,56,
186,25/09/1999,14,23,24,25,26,51,
334,02/02/2002,14,23,24,26,41,51,
976,07/06/2008,14,23,25,28,38,53,
2139,03/04/2019,14,23,29,41,57,58,
312,10/11/2001,14,23,30,41,47,50,
2804,05/12/2024,14,24,25,31,33,60,
271,12/05/2001,14,24,26,29,31,54,
1050,21/02/2009,14,24,26,33,45,60,
2195,05/10/2019,14,24,32,38,46,53,
951,12/03/2008,14,24,34,39,49,55,
643,02/03/2005,14,24,37,40,42,45,
2321,25/11/2020,14,25,28,41,43,46,
1375,28/03/2012,14,25,28,45,53,58,
1995,09/12/2017,14,26,29,35,37,39,
2585,22/04/2023,14,26,34,36,43,59,
2597,31/05/2023,14,26,34,54,56,58,
2159,12/06/2019,14,26,35,38,45,53,
2631,12/09/2023,14,26,36,39,50,53,
2613,22/07/2023,14,26,40,42,46,52,
644,05/03/2005,14,27,29,31,34,57,
1723,15/07/2015,14,27,30,46,52,60,
2281,18/07/2020,14,27,35,40,50,55,
408,26/10/2002,14,28,33,44,49,56,
100,01/02/1998,14,29,30,46,48,51,
659,27/04/2005,14,29,34,40,51,52,
913,24/10/2007,14,30,36,38,46,59,
1099,12/08/2009,14,31,35,38,44,55,
678,02/07/2005,14,31,40,42,44,46,
1455,31/12/2012,14,32,33,36,41,52,
1398,16/06/2012,14,32,33,40,42,51,
2653,07/11/2023,14,32,41,43,48,60,
480,16/07/2003,14,33,36,38,41,49,
2504,27/07/2022,14,33,41,42,44,55,
1832,29/06/2016,14,34,46,47,56,57,
2711,11/04/2024,14,36,38,46,55,60,
548,24/03/2004,14,47,49,51,58,59,
,,,,,,,,
1648,29/10/2014,15,16,18,20,22,48,
580,14/07/2004,15,16,18,28,38,47,
137,17/10/1998,15,16,19,22,26,49,
891,08/08/2007,15,16,19,22,34,35,
2763,17/08/2024,15,16,19,43,44,49,
2273,24/06/2020,15,16,20,38,40,58,
351,06/04/2002,15,16,24,41,59,60,
1032,20/12/2008,15,16,26,29,43,57,
145,12/12/1998,15,16,31,41,43,51,
1457,05/01/2013,15,16,34,42,46,59,
629,08/01/2005,15,16,39,40,47,51,
515,19/11/2003,15,16,39,45,48,57,
461,10/05/2003,15,17,20,29,30,60,
1750,13/10/2015,15,17,20,31,41,48,
2444,15/01/2022,15,17,20,35,37,43,
832,10/01/2007,15,17,23,33,39,49,
457,26/04/2003,15,17,24,27,32,48,
1150,03/02/2010,15,17,28,31,35,52,
2592,13/05/2023,15,17,28,34,35,51,
980,21/06/2008,15,17,29,35,36,59,
2695,02/03/2024,15,17,32,33,34,40,
1840,23/07/2016,15,17,33,41,47,48,
1223,16/10/2010,15,17,35,42,47,48,
963,23/04/2008,15,17,37,48,50,59,
1741,12/09/2015,15,18,20,32,48,49,
1570,01/02/2014,15,18,24,42,46,56,
2473,20/04/2022,15,18,28,42,55,60,
82,28/09/1997,15,18,29,36,51,53,
972,24/05/2008,15,18,31,33,34,56,
612,03/11/2004,15,18,33,50,53,55,
1700,02/05/2015,15,18,41,48,50,58,
694,27/08/2005,15,19,29,37,41,53,
1958,12/08/2017,15,20,22,24,34,55,
2255,25/04/2020,15,20,39,41,49,57,
1751,15/10/2015,15,22,23,42,51,57,
1989,18/11/2017,15,22,30,32,40,58,
767,27/05/2006,15,22,32,38,50,54,
208,26/02/2000,15,23,24,25,47,57,
251,23/12/2000,15,23,30,34,49,55,
2199,19/10/2019,15,23,30,35,38,44,
392,31/08/2002,15,23,31,39,47,49,
447,22/03/2003,15,24,25,33,42,55,
863,02/05/2007,15,24,32,50,53,57,
2459,03/03/2022,15,24,33,49,53,59,
1687,18/03/2015,15,24,37,46,49,58,
2045,30/05/2018,15,25,27,45,46,50,
521,10/12/2003,15,25,28,32,38,45,
11,20/05/1996,15,25,37,38,58,59,
234,26/08/2000,15,25,41,42,45,54,
604,06/10/2004,15,25,41,46,49,51,
1831,25/06/2016,15,27,28,32,48,55,
1955,05/08/2017,15,27,33,36,41,45,
1053,04/03/2009,15,27,34,42,49,53,
938,26/01/2008,15,27,35,50,57,59,
554,14/04/2004,15,29,31,42,47,60,
488,13/08/2003,15,30,35,39,43,57,
52,02/03/1997,15,30,38,46,58,59,
1773,24/12/2015,15,30,39,41,45,59,
570,09/06/2004,15,32,33,35,36,51,
514,15/11/2003,15,36,40,42,51,52,
2184,31/08/2019,15,36,45,51,52,59,
1999,21/12/2017,15,37,38,42,49,50,
2458,26/02/2022,15,40,44,45,47,51,
,,,,,,,,
2460,05/03/2022,16,17,18,28,35,47,
2604,24/06/2023,16,17,19,22,46,57,
1893,11/01/2017,16,17,19,28,45,58,
1918,05/04/2017,16,17,20,22,38,50,
1514,24/07/2013,16,17,23,42,59,60,
372,22/06/2002,16,17,24,39,46,57,
2164,29/06/2019,16,17,25,47,48,58,
433,29/01/2003,16,17,28,30,36,54,
550,31/03/2004,16,17,38,39,45,56,
2714,18/04/2024,16,17,42,45,52,57,
1842,30/07/2016,16,18,22,24,34,43,
1911,11/03/2017,16,18,23,30,32,33,
483,26/07/2003,16,18,23,35,44,59,
1725,22/07/2015,16,18,26,30,31,34,
600,22/09/2004,16,18,31,34,39,54,
2146,27/04/2019,16,18,31,39,42,44,
2423,27/10/2021,16,18,38,48,51,60,
1643,11/10/2014,16,19,20,28,37,60,
255,20/01/2001,16,19,20,32,44,55,
1199,24/07/2010,16,19,23,28,39,58,
275,09/06/2001,16,19,30,37,38,48,
2671,04/01/2024,16,19,43,53,57,58,
2502,20/07/2022,16,20,21,39,44,55,
2024,21/03/2018,16,20,23,29,35,47,
317,28/11/2001,16,20,27,30,35,48,
2737,15/06/2024,16,20,30,34,37,45,
657,20/04/2005,16,20,33,58,59,60,
1715,20/06/2015,16,20,35,40,53,60,
611,30/10/2004,16,21,22,33,48,49,
2340,30/01/2021,16,21,28,41,49,51,
2568,25/02/2023,16,22,29,35,38,49,
983,02/07/2008,16,22,32,38,40,45,
2792,01/11/2024,16,22,33,34,49,59,
1889,24/12/2016,16,23,25,28,30,44,
2224,15/01/2020,16,23,32,50,52,58,
562,12/05/2004,16,23,35,37,55,57,
1863,05/10/2016,16,23,45,56,58,59,
1432,10/10/2012,16,24,25,42,45,59,
844,24/02/2007,16,24,34,44,54,57,
2719,30/04/2024,16,25,27,30,42,48,
2208,16/11/2019,16,25,30,40,45,49,
1767,05/12/2015,16,26,35,39,44,45,
414,16/11/2002,16,26,35,45,52,58,
501,01/10/2003,16,27,28,34,39,56,
1883,07/12/2016,16,27,28,47,59,60,
71,13/07/1997,16,27,33,43,45,53,
929,19/12/2007,16,27,35,39,49,57,
231,05/08/2000,16,27,36,42,44,59,
361,15/05/2002,16,28,31,41,45,59,
1914,22/03/2017,16,29,33,39,42,44,
1639,27/09/2014,16,29,34,35,49,51,
342,06/03/2002,16,29,34,49,51,54,
2095,07/11/2018,16,29,35,43,49,56,
2389,10/07/2021,16,30,37,39,40,51,
248,02/12/2000,16,32,34,35,41,56,
1527,04/09/2013,16,32,36,42,44,48,
2014,14/02/2018,16,32,40,46,53,56,
2307,10/10/2020,16,33,38,46,53,55,
1327,13/10/2011,16,35,36,41,52,54,
944,16/02/2008,16,37,43,52,58,59,
,,,,,,,,
269,28/04/2001,17,18,19,25,49,52,
484,30/07/2003,17,18,19,38,49,53,
2533,26/10/2022,17,18,20,37,45,53,
451,05/04/2003,17,18,23,28,31,53,
1819,18/05/2016,17,18,26,30,33,37,
2015,17/02/2018,17,18,27,32,39,58,
1508,03/07/2013,17,18,30,35,39,58,
2301,19/09/2020,17,18,35,36,47,52,
462,14/05/2003,17,19,22,26,27,48,
31,06/10/1996,17,19,28,45,48,56,
788,09/08/2006,17,19,29,31,44,57,
1826,09/06/2016,17,19,32,43,48,51,
1702,07/05/2015,17,19,33,35,39,52,
684,23/07/2005,17,19,33,37,40,50,
2147,02/05/2019,17,19,37,41,42,49,
2330,31/12/2020,17,20,22,35,41,42,
2342,06/02/2021,17,20,24,27,40,60,
1484,10/04/2013,17,20,24,29,49,53,
1195,10/07/2010,17,20,26,27,55,57,
915,31/10/2007,17,20,26,28,48,49,
2140,06/04/2019,17,20,26,36,42,54,
2662,30/11/2023,17,20,31,34,40,42,
476,02/07/2003,17,20,38,43,55,58,
1192,30/06/2010,17,20,49,52,57,59,
2802,30/11/2024,17,21,26,28,32,60,
1419,25/08/2012,17,21,30,48,52,58,
909,10/10/2007,17,22,26,28,38,42,
1805,02/04/2016,17,22,27,31,49,57,
836,24/01/2007,17,22,28,38,52,59,
185,18/09/1999,17,22,43,46,55,59,
51,23/02/1997,17,23,24,25,42,47,
1091,15/07/2009,17,23,24,27,49,56,
70,06/07/1997,17,23,27,40,43,58,
1650,05/11/2014,17,23,29,38,57,60,
156,27/02/1999,17,23,42,49,52,55,
699,19/09/2005,17,23,48,50,53,54,
1320,17/09/2011,17,24,25,38,41,55,
1961,23/08/2017,17,25,26,30,32,50,
2114,12/01/2019,17,25,30,35,42,57,
429,15/01/2003,17,26,32,36,43,55,
2684,03/02/2024,17,26,45,46,48,53,
1481,30/03/2013,17,27,28,40,44,55,
848,10/03/2007,17,27,32,34,47,56,
188,10/10/1999,17,27,34,42,43,46,
724,21/12/2005,17,27,34,48,51,55,
173,26/06/1999,17,28,29,42,49,50,
1513,20/07/2013,17,28,31,56,57,58,
489,16/08/2003,17,28,33,36,53,59,
840,07/02/2007,17,29,31,35,43,59,
1708,27/05/2015,17,29,32,38,45,50,
545,13/03/2004,17,29,35,40,43,57,
1441,10/11/2012,17,29,36,38,53,56,
1288,01/06/2011,17,30,32,40,42,56,
2488,04/06/2022,17,31,34,40,56,57,
886,21/07/2007,17,33,37,50,55,59,
2203,30/10/2019,17,34,46,49,50,57,
386,10/08/2002,17,35,36,39,43,54,
642,26/02/2005,17,36,40,44,51,56,
23,12/08/1996,17,37,39,51,52,59,
2112,05/01/2019,17,39,43,46,52,53,
882,07/07/2007,17,41,42,44,45,60,
,,,,,,,,
875,13/06/2007,18,20,24,36,53,58,
1058,21/03/2009,18,20,24,45,51,57,
1181,22/05/2010,18,20,26,31,44,45,
206,12/02/2000,18,20,26,34,51,56,
1663,20/12/2014,18,20,27,40,49,55,
494,03/09/2003,18,20,28,32,49,53,
1870,26/10/2016,18,20,30,32,33,40,
1027,03/12/2008,18,20,33,44,47,60,
899,05/09/2007,18,20,36,53,54,58,
2257,02/05/2020,18,21,30,31,34,51,
2302,23/09/2020,18,22,25,27,43,44,
1162,17/03/2010,18,22,25,30,31,41,
1024,22/11/2008,18,22,28,29,39,53,
674,18/06/2005,18,22,29,32,38,42,
2056,05/07/2018,18,22,29,34,36,47,
1688,21/03/2015,18,23,30,32,42,56,
1720,07/07/2015,18,23,31,39,49,57,
2031,14/04/2018,18,23,37,39,50,55,
902,15/09/2007,18,23,50,52,55,58,
827,21/12/2006,18,24,30,42,51,56,
999,27/08/2008,18,24,36,44,55,58,
409,30/10/2002,18,25,26,31,34,49,
806,12/10/2006,18,26,35,41,47,60,
424,21/12/2002,18,27,29,36,46,59,
1387,09/05/2012,18,27,32,43,50,52,
2646,19/10/2023,18,28,30,39,41,58,
1407,18/07/2012,18,29,31,42,43,53,
1324,01/10/2011,18,29,31,44,51,57,
1410,28/07/2012,18,29,40,42,50,54,
2448,27/01/2022,18,30,32,35,40,48,
1115,07/10/2009,18,30,37,41,44,50,
835,20/01/2007,18,31,33,49,57,58,
110,11/04/1998,18,31,43,52,57,58,
13,03/06/1996,18,32,47,50,54,56,
1565,15/01/2014,18,37,39,41,43,51,
1291,11/06/2011,18,40,47,54,57,58,
,,,,,,,,
2133,13/03/2019,19,20,26,51,52,57,
1991,25/11/2017,19,20,28,34,36,44,
1343,07/12/2011,19,20,31,42,51,56,
102,15/02/1998,19,20,37,42,44,56,
1137,22/12/2009,19,21,25,28,43,50,
2119,26/01/2019,19,21,26,31,42,49,
1224,20/10/2010,19,21,27,41,53,57,
232,12/08/2000,19,22,29,37,41,59,
2108,18/12/2018,19,22,29,41,44,59,
1821,25/05/2016,19,22,31,36,52,53,
2351,10/03/2021,19,22,35,41,47,49,
2561,04/02/2023,19,22,37,44,51,56,
2182,24/08/2019,19,22,39,46,47,59,
2722,09/05/2024,19,23,25,36,44,46,
927,12/12/2007,19,23,26,31,33,36,
1093,22/07/2009,19,23,27,38,41,49,
1260,23/02/2011,19,23,29,31,41,53,
460,07/05/2003,19,23,30,37,49,55,
353,13/04/2002,19,23,30,46,55,60,
2773,12/09/2024,19,23,32,34,38,57,
365,29/05/2002,19,23,34,37,52,58,
1646,22/10/2014,19,23,34,40,41,58,
1568,25/01/2014,19,24,25,28,42,58,
244,04/11/2000,19,24,33,47,50,60,
2739,20/06/2024,19,25,37,45,47,53,
2554,12/01/2023,19,25,43,44,48,49,
1636,17/09/2014,19,26,33,35,51,52,
2430,20/11/2021,19,26,39,45,46,56,
622,08/12/2004,19,27,29,38,50,59,
2357,31/03/2021,19,28,30,34,40,51,
485,02/08/2003,19,28,30,38,52,57,
524,20/12/2003,19,29,34,41,47,48,
799,16/09/2006,19,29,35,42,55,57,
363,22/05/2002,19,29,39,47,49,54,
348,27/03/2002,19,30,33,39,40,52,
306,20/10/2001,19,30,41,47,56,57,
1421,01/09/2012,19,31,39,44,53,59,
2748,13/07/2024,19,32,43,46,50,52,
2758,06/08/2024,19,35,36,37,41,60,
1548,16/11/2013,19,41,42,44,47,54,
,,,,,,,,
1553,04/12/2013,20,21,22,29,46,60,
1284,18/05/2011,20,21,26,29,31,36,
1804,30/03/2016,20,21,28,48,50,59,
816,16/11/2006,20,21,30,40,47,52,
320,08/12/2001,20,22,27,47,50,53,
2297,09/09/2020,20,22,35,40,41,59,
1922,19/04/2017,20,22,36,38,41,43,
2001,03/01/2018,20,22,36,42,52,60,
743,04/03/2006,20,23,25,32,54,60,
1812,27/04/2016,20,23,32,34,37,45,
2545,03/12/2022,20,23,32,36,39,57,
1899,01/02/2017,20,23,35,36,44,48,
2656,14/11/2023,20,24,27,46,57,58,
894,18/08/2007,20,24,28,37,41,44,
889,01/08/2007,20,24,34,39,54,60,
117,30/05/1998,20,25,27,33,42,53,
1627,16/08/2014,20,26,32,41,45,57,
1028,06/12/2008,20,26,34,51,52,54,
479,12/07/2003,20,26,41,46,54,58,
1754,24/10/2015,20,27,30,31,40,53,
2612,19/07/2023,20,27,34,44,50,54,
2323,02/12/2020,20,27,35,39,50,59,
2729,25/05/2024,20,27,41,47,53,54,
2259,07/05/2020,20,27,41,54,56,58,
1572,08/02/2014,20,27,42,45,46,47,
2785,11/10/2024,20,27,48,50,57,59,
930,22/12/2007,20,28,37,46,49,55,
1155,20/02/2010,20,28,40,41,51,58,
1167,03/04/2010,20,28,43,51,52,56,
1694,11/04/2015,20,29,34,37,45,57,
1560,31/12/2013,20,30,36,38,47,53,
787,05/08/2006,20,31,34,37,54,60,
2764,20/08/2024,20,31,34,38,42,51,
778,05/07/2006,20,31,36,37,45,51,
2267,03/06/2020,20,32,33,48,49,53,
16,24/06/1996,20,32,34,49,58,60,
210,11/03/2000,20,32,37,38,48,58,
2778,24/09/2024,20,33,34,40,43,57,
1248,12/01/2011,20,33,34,57,58,60,
2477,30/04/2022,20,33,37,38,49,50,
2364,22/04/2021,20,33,42,44,51,56,
2483,21/05/2022,20,34,38,40,49,54,
1165,27/03/2010,20,40,42,52,54,60,
2648,24/10/2023,20,44,45,46,56,59,
,,,,,,,,
868,19/05/2007,21,22,25,40,51,57,
2506,02/08/2022,21,22,29,34,40,44,
135,03/10/1998,21,22,35,40,53,59,
162,10/04/1999,21,23,33,38,48,51,
2149,08/05/2019,21,23,37,44,46,48,
326,05/01/2002,21,23,40,44,51,52,
1690,28/03/2015,21,24,26,35,45,53,
108,29/03/1998,21,24,29,34,59,60,
2670,31/12/2023,21,24,33,41,48,56,
75,10/08/1997,21,24,35,36,37,49,
681,13/07/2005,21,25,38,53,58,59,
1671,21/01/2015,21,27,31,45,55,56,
2734,08/06/2024,21,27,35,48,59,60,
2770,03/09/2024,21,28,37,44,50,60,
1984,04/11/2017,21,29,32,35,43,50,
500,27/09/2003,21,29,35,36,38,54,
77,24/08/1997,21,29,40,49,54,57,
127,08/08/1998,21,29,50,51,54,59,
1894,14/01/2017,21,31,35,53,54,57,
883,11/07/2007,21,32,37,52,53,60,
926,08/12/2007,21,33,34,40,41,59,
249,09/12/2000,21,36,40,49,54,55,
1414,09/08/2012,21,37,44,46,49,57,
2405,01/09/2021,21,38,48,49,53,59,
2455,19/02/2022,21,38,50,53,56,59,
2043,23/05/2018,21,38,53,56,57,58,
1479,23/03/2013,21,48,50,54,57,60,
,,,,,,,,
1437,27/10/2012,22,23,26,37,38,48,
1979,19/10/2017,22,23,29,32,38,45,
1796,05/03/2016,22,23,34,48,53,54,
1766,02/12/2015,22,23,41,46,53,60,
311,07/11/2001,22,24,30,32,38,41,
2209,20/11/2019,22,25,28,32,33,47,
294,08/09/2001,22,25,28,41,45,57,
1523,21/08/2013,22,25,31,39,41,44,
1711,06/06/2015,22,26,38,39,45,50,
597,11/09/2004,22,27,29,40,42,56,
2746,06/07/2024,22,27,30,43,51,56,
2008,27/01/2018,22,27,33,42,58,59,
387,14/08/2002,22,28,29,43,47,48,
1166,31/03/2010,22,28,30,31,35,54,
1858,20/09/2016,22,28,30,33,55,59,
1388,12/05/2012,22,29,31,43,50,54,
1233,20/11/2010,22,29,32,49,54,59,
1198,21/07/2010,22,29,36,41,48,58,
2491,15/06/2022,22,29,38,43,48,53,
2474,23/04/2022,22,30,38,39,49,56,
1674,31/01/2015,22,30,42,50,58,59,
177,24/07/1999,22,35,38,39,41,59,
2468,02/04/2022,22,35,41,42,53,57,
670,04/06/2005,22,37,42,48,58,59,
276,16/06/2001,22,39,45,53,57,59,
948,01/03/2008,22,41,44,46,52,54,
,,,,,,,,
2150,11/05/2019,23,24,26,38,42,49,
1467,09/02/2013,23,24,26,41,52,53,
2373,19/05/2021,23,24,26,44,49,60,
360,11/05/2002,23,24,29,47,53,55,
1850,24/08/2016,23,24,32,38,40,41,
917,07/11/2007,23,25,30,46,47,59,
865,09/05/2007,23,26,27,41,51,53,
219,13/05/2000,23,26,28,36,42,49,
1561,02/01/2014,23,26,28,54,55,60,
2212,30/11/2019,23,26,51,52,53,58,
1361,08/02/2012,23,27,30,37,38,44,
1538,11/10/2013,23,27,35,52,53,57,
18,08/07/1996,23,27,36,37,42,56,
332,26/01/2002,23,28,29,34,42,44,
2521,17/09/2022,23,28,33,38,55,59,
2599,07/06/2023,23,28,34,43,47,60,
80,14/09/1997,23,28,37,40,48,51,
828,23/12/2006,23,28,38,42,50,53,
1641,04/10/2014,23,29,30,33,46,51,
1588,05/04/2014,23,29,32,36,45,49,
1158,03/03/2010,23,30,31,54,55,60,
2487,02/06/2022,23,36,42,48,54,58,
1986,09/11/2017,23,36,43,44,55,56,
388,17/08/2002,23,36,48,52,53,58,
1680,21/02/2015,23,37,38,46,47,51,
2788,22/10/2024,23,37,39,47,52,56,
950,08/03/2008,23,41,42,48,49,59,
2019,03/03/2018,23,41,46,52,54,59,
,,,,,,,,
675,22/06/2005,24,25,30,42,43,50,
957,02/04/2008,24,25,32,34,50,57,
741,25/02/2006,24,26,27,36,39,59,
300,29/09/2001,24,27,28,38,41,57,
672,11/06/2005,24,28,34,38,43,53,
384,03/08/2002,24,28,40,47,50,52,
1611,25/06/2014,24,28,47,50,51,58,
405,16/10/2002,24,29,34,47,57,60,
2071,22/08/2018,24,33,34,35,46,60,
1649,01/11/2014,24,33,38,42,44,54,
379,17/07/2002,24,33,40,41,55,59,
1031,17/12/2008,24,33,40,43,46,49,
1695,15/04/2015,24,36,38,43,44,58,
888,28/07/2007,24,40,50,52,54,60,
25,25/08/1996,24,43,50,54,55,56,
1507,29/06/2013,24,46,50,51,52,56,
,,,,,,,,
1333,03/11/2011,25,26,28,33,42,51,
73,27/07/1997,25,26,28,45,51,57,
779,08/07/2006,25,26,29,36,52,54,
1705,16/05/2015,25,27,29,37,50,51,
2801,28/11/2024,25,27,33,46,48,56,
1068,25/04/2009,25,27,44,47,48,57,
2350,06/03/2021,25,28,29,34,41,45,
194,20/11/1999,25,28,32,33,42,43,
283,01/08/2001,25,28,34,42,48,54,
240,07/10/2000,25,28,38,41,57,59,
1854,08/09/2016,25,30,31,34,43,59,
880,30/06/2007,25,30,37,46,49,51,
610,27/10/2004,25,30,43,45,47,49,
1920,12/04/2017,25,31,33,39,43,45,
146,19/12/1998,25,32,34,42,51,60,
1732,12/08/2015,25,34,38,45,53,60,
1579,05/03/2014,25,34,40,49,51,60,
69,29/06/1997,25,34,45,53,56,58,
1363,15/02/2012,25,35,42,45,52,57,
1564,11/01/2014,25,38,44,46,53,54,
2544,30/11/2022,25,38,45,53,55,56,
125,25/07/1998,25,41,47,53,56,59,
,,,,,,,,
2393,24/07/2021,26,27,28,32,38,51,
1450,12/12/2012,26,27,31,38,44,45,
636,02/02/2005,26,28,30,32,34,50,
1965,06/09/2017,26,28,35,38,48,55,
651,30/03/2005,26,28,39,45,48,60,
621,04/12/2004,26,29,31,49,50,57,
1628,20/08/2014,26,29,34,38,50,60,
2152,18/05/2019,26,29,36,49,50,59,
323,19/12/2001,26,31,33,40,49,54,
205,05/02/2000,26,32,40,43,46,54,
1762,18/11/2015,26,32,42,45,55,59,
1256,09/02/2011,26,33,35,38,43,53,
1827,11/06/2016,26,33,42,43,53,54,
1415,11/08/2012,26,36,40,46,49,51,
431,22/01/2003,26,37,40,47,52,58,
1122,31/10/2009,26,44,46,49,55,56,
,,,,,,,,
1148,27/01/2010,27,28,29,32,48,55,
869,23/05/2007,27,29,42,49,50,51,
734,01/02/2006,27,29,43,44,45,54,
2784,08/10/2024,27,30,35,44,57,59,
1724,18/07/2015,27,33,37,39,58,60,
2250,08/04/2020,27,33,39,52,57,58,
1385,02/05/2012,27,35,36,37,42,59,
2399,12/08/2021,27,35,42,44,51,52,
2211,27/11/2019,27,36,40,41,44,54,
2167,09/07/2019,27,37,38,43,45,54,
2726,18/05/2024,27,45,49,53,55,59,
,,,,,,,,
1669,14/01/2015,28,29,31,45,48,49,
2280,16/07/2020,28,29,31,50,58,59,
697,10/09/2005,28,31,32,35,51,53,
1616,12/07/2014,28,31,40,42,46,58,
509,29/10/2003,28,32,33,34,35,55,
1201,31/07/2010,28,32,36,49,55,60,
2456,22/02/2022,28,34,40,41,52,55,
2003,10/01/2018,28,34,40,43,50,51,
2534,29/10/2022,28,36,39,44,56,60,
523,17/12/2003,28,39,40,44,45,58,
1046,07/02/2009,28,40,42,54,55,57,
2318,14/11/2020,28,44,52,54,58,60,
,,,,,,,,
1598,10/05/2014,29,31,36,42,47,53,
204,29/01/2000,29,31,39,41,51,58,
2576,22/03/2023,29,32,33,35,38,43,
327,09/01/2002,29,32,33,38,46,48,
2790,26/10/2024,29,32,40,42,49,58,
286,11/08/2001,29,35,37,44,47,56,
1905,21/02/2017,29,35,43,54,56,57,
1000,30/08/2008,29,38,39,49,53,58,
1004,13/09/2008,29,40,43,44,45,47,
1396,09/06/2012,29,48,52,54,55,58,
,,,,,,,,
759,29/04/2006,30,31,39,45,48,59,
1554,07/12/2013,30,32,49,50,52,53,
2035,28/04/2018,30,35,36,38,49,52,
2327,12/12/2020,30,37,45,54,57,58,
853,28/03/2007,30,38,46,51,56,59,
1795,02/03/2016,30,42,47,50,55,58,
,,,,,,,,
2253,18/04/2020,31,32,33,39,52,55,
1225,23/10/2010,31,32,34,40,50,55,
2359,06/04/2021,31,32,39,42,43,51,
2157,05/06/2019,31,33,34,35,39,48,
382,27/07/2002,31,34,37,38,53,54,
1592,19/04/2014,31,36,38,41,42,49,
1461,19/01/2013,31,36,44,47,49,54,
,,,,,,,,
148,31/12/1998,32,35,41,55,58,59,
1769,12/12/2015,32,37,44,47,54,60,
904,22/09/2007,32,44,48,51,53,59,
,,,,,,,,
2325,08/12/2020,33,34,37,46,52,60,
2061,21/07/2018,33,36,40,44,45,54,
1177,08/05/2010,33,38,47,50,52,55,
1623,05/08/2014,33,43,49,50,56,59,
,,,,,,,,
2596,27/05/2023,34,35,39,47,51,56,
1399,20/06/2012,34,39,43,56,57,60,
,,,,,,,,
656,16/04/2005,35,36,37,46,51,59,
1968,16/09/2017,35,36,39,44,48,52,
543,06/03/2004,35,37,42,46,49,54,
1197,17/07/2010,36,37,39,49,54,60,
2578,29/03/2023,37,39,47,50,59,60,
1314,27/08/2011,38,42,44,52,58,60,
861,25/04/2007,39,40,42,47,59,60,
1837,14/07/2016,41,44,48,50,54,57,
2508,06/08/2022,41,45,48,51,53,58,
1300,13/07/2011,43,44,46,53,54,59,
956,29/03/2008,46,47,51,54,57,59,
2052,23/06/2018,50,51,56,57,58,59,